,img_path,label
0,./EyesDataset/000060.jpg,0
1,./EyesDataset/000376.jpg,1
2,./EyesDataset/000435.jpg,1
3,./EyesDataset/001096.jpg,1
4,./EyesDataset/002273.jpg,1
5,./EyesDataset/003216.jpg,1
6,./EyesDataset/003151.jpg,0
7,./EyesDataset/001786.jpg,0
8,./EyesDataset/003881.jpg,0
9,./EyesDataset/003385.jpg,1
10,./EyesDataset/000070.jpg,1
11,./EyesDataset/001351.jpg,1
12,./EyesDataset/003144.jpg,1
13,./EyesDataset/000563.jpg,1
14,./EyesDataset/002328.jpg,0
15,./EyesDataset/001716.jpg,1
16,./EyesDataset/003930.jpg,1
17,./EyesDataset/003027.jpg,0
18,./EyesDataset/000150.jpg,1
19,./EyesDataset/000970.jpg,1
20,./EyesDataset/000783.jpg,0
21,./EyesDataset/001514.jpg,1
22,./EyesDataset/003787.jpg,0
23,./EyesDataset/000281.jpg,0
24,./EyesDataset/002559.jpg,0
25,./EyesDataset/001368.jpg,0
26,./EyesDataset/000775.jpg,0
27,./EyesDataset/003497.jpg,0
28,./EyesDataset/003927.jpg,1
29,./EyesDataset/001204.jpg,1
30,./EyesDataset/002032.jpg,0
31,./EyesDataset/000657.jpg,1
32,./EyesDataset/000388.jpg,0
33,./EyesDataset/001950.jpg,1
34,./EyesDataset/003060.jpg,1
35,./EyesDataset/000007.jpg,0
36,./EyesDataset/000393.jpg,1
37,./EyesDataset/000387.jpg,1
38,./EyesDataset/002763.jpg,0
39,./EyesDataset/002344.jpg,0
40,./EyesDataset/000762.jpg,1
41,./EyesDataset/003115.jpg,1
42,./EyesDataset/000411.jpg,0
43,./EyesDataset/001081.jpg,1
44,./EyesDataset/001440.jpg,1
45,./EyesDataset/003304.jpg,1
46,./EyesDataset/000020.jpg,1
47,./EyesDataset/000010.jpg,1
48,./EyesDataset/002531.jpg,0
49,./EyesDataset/000971.jpg,1
50,./EyesDataset/002630.jpg,1
51,./EyesDataset/003932.jpg,0
52,./EyesDataset/002107.jpg,0
53,./EyesDataset/003757.jpg,0
54,./EyesDataset/001608.jpg,1
55,./EyesDataset/001119.jpg,0
56,./EyesDataset/002907.jpg,1
57,./EyesDataset/000355.jpg,1
58,./EyesDataset/003259.jpg,0
59,./EyesDataset/001961.jpg,0
60,./EyesDataset/003616.jpg,1
61,./EyesDataset/002523.jpg,1
62,./EyesDataset/003812.jpg,1
63,./EyesDataset/003351.jpg,0
64,./EyesDataset/000592.jpg,0
65,./EyesDataset/000044.jpg,1
66,./EyesDataset/001054.jpg,0
67,./EyesDataset/001596.jpg,0
68,./EyesDataset/003247.jpg,1
69,./EyesDataset/000389.jpg,1
70,./EyesDataset/003150.jpg,1
71,./EyesDataset/001410.jpg,1
72,./EyesDataset/001425.jpg,1
73,./EyesDataset/002725.jpg,0
74,./EyesDataset/002954.jpg,1
75,./EyesDataset/001824.jpg,0
76,./EyesDataset/003359.jpg,0
77,./EyesDataset/002944.jpg,0
78,./EyesDataset/000628.jpg,0
79,./EyesDataset/000345.jpg,1
80,./EyesDataset/000502.jpg,1
81,./EyesDataset/003759.jpg,0
82,./EyesDataset/002909.jpg,1
83,./EyesDataset/002112.jpg,1
84,./EyesDataset/001074.jpg,1
85,./EyesDataset/002647.jpg,0
86,./EyesDataset/000031.jpg,1
87,./EyesDataset/001801.jpg,0
88,./EyesDataset/000754.jpg,1
89,./EyesDataset/002324.jpg,0
90,./EyesDataset/002179.jpg,1
91,./EyesDataset/003639.jpg,1
92,./EyesDataset/001842.jpg,0
93,./EyesDataset/002044.jpg,1
94,./EyesDataset/001687.jpg,0
95,./EyesDataset/001048.jpg,0
96,./EyesDataset/001983.jpg,1
97,./EyesDataset/001815.jpg,1
98,./EyesDataset/003239.jpg,0
99,./EyesDataset/002095.jpg,1
100,./EyesDataset/000642.jpg,0
101,./EyesDataset/001788.jpg,1
102,./EyesDataset/000873.jpg,1
103,./EyesDataset/003727.jpg,1
104,./EyesDataset/002233.jpg,1
105,./EyesDataset/000539.jpg,0
106,./EyesDataset/000828.jpg,1
107,./EyesDataset/001926.jpg,1
108,./EyesDataset/003328.jpg,1
109,./EyesDataset/000576.jpg,0
110,./EyesDataset/001526.jpg,1
111,./EyesDataset/001597.jpg,0
112,./EyesDataset/001256.jpg,0
113,./EyesDataset/001304.jpg,0
114,./EyesDataset/001355.jpg,0
115,./EyesDataset/003064.jpg,1
116,./EyesDataset/001964.jpg,0
117,./EyesDataset/000858.jpg,1
118,./EyesDataset/000077.jpg,0
119,./EyesDataset/003998.jpg,1
120,./EyesDataset/001421.jpg,1
121,./EyesDataset/001701.jpg,1
122,./EyesDataset/003989.jpg,1
123,./EyesDataset/002466.jpg,0
124,./EyesDataset/003343.jpg,0
125,./EyesDataset/000069.jpg,0
126,./EyesDataset/000507.jpg,0
127,./EyesDataset/000931.jpg,0
128,./EyesDataset/003309.jpg,0
129,./EyesDataset/002794.jpg,1
130,./EyesDataset/001435.jpg,0
131,./EyesDataset/001899.jpg,1
132,./EyesDataset/000555.jpg,0
133,./EyesDataset/003091.jpg,1
134,./EyesDataset/002135.jpg,1
135,./EyesDataset/000140.jpg,1
136,./EyesDataset/002125.jpg,1
137,./EyesDataset/000103.jpg,1
138,./EyesDataset/000829.jpg,1
139,./EyesDataset/000242.jpg,0
140,./EyesDataset/000094.jpg,1
141,./EyesDataset/001702.jpg,1
142,./EyesDataset/001549.jpg,0
143,./EyesDataset/001583.jpg,1
144,./EyesDataset/002111.jpg,0
145,./EyesDataset/003164.jpg,1
146,./EyesDataset/003338.jpg,0
147,./EyesDataset/002678.jpg,0
148,./EyesDataset/000882.jpg,1
149,./EyesDataset/000379.jpg,0
150,./EyesDataset/002141.jpg,1
151,./EyesDataset/003140.jpg,1
152,./EyesDataset/001030.jpg,0
153,./EyesDataset/000543.jpg,0
154,./EyesDataset/000933.jpg,0
155,./EyesDataset/003160.jpg,0
156,./EyesDataset/001546.jpg,1
157,./EyesDataset/002306.jpg,1
158,./EyesDataset/002134.jpg,1
159,./EyesDataset/000108.jpg,1
160,./EyesDataset/003084.jpg,0
161,./EyesDataset/002473.jpg,1
162,./EyesDataset/001357.jpg,0
163,./EyesDataset/003406.jpg,1
164,./EyesDataset/001896.jpg,1
165,./EyesDataset/003138.jpg,1
166,./EyesDataset/001989.jpg,1
167,./EyesDataset/003839.jpg,0
168,./EyesDataset/003288.jpg,0
169,./EyesDataset/000569.jpg,0
170,./EyesDataset/002474.jpg,1
171,./EyesDataset/000650.jpg,0
172,./EyesDataset/000191.jpg,0
173,./EyesDataset/001387.jpg,1
174,./EyesDataset/003415.jpg,0
175,./EyesDataset/003093.jpg,0
176,./EyesDataset/003676.jpg,0
177,./EyesDataset/003982.jpg,1
178,./EyesDataset/002777.jpg,1
179,./EyesDataset/000156.jpg,0
180,./EyesDataset/001895.jpg,1
181,./EyesDataset/001100.jpg,1
182,./EyesDataset/003516.jpg,0
183,./EyesDataset/002208.jpg,1
184,./EyesDataset/000908.jpg,1
185,./EyesDataset/001629.jpg,1
186,./EyesDataset/002260.jpg,0
187,./EyesDataset/000824.jpg,1
188,./EyesDataset/000619.jpg,0
189,./EyesDataset/002200.jpg,1
190,./EyesDataset/002028.jpg,1
191,./EyesDataset/003750.jpg,1
192,./EyesDataset/001279.jpg,0
193,./EyesDataset/003640.jpg,0
194,./EyesDataset/000100.jpg,1
195,./EyesDataset/003741.jpg,1
196,./EyesDataset/003022.jpg,0
197,./EyesDataset/001688.jpg,1
198,./EyesDataset/002923.jpg,1
199,./EyesDataset/000987.jpg,0
200,./EyesDataset/002724.jpg,1
201,./EyesDataset/000859.jpg,1
202,./EyesDataset/000912.jpg,1
203,./EyesDataset/000904.jpg,1
204,./EyesDataset/003926.jpg,1
205,./EyesDataset/000149.jpg,0
206,./EyesDataset/003899.jpg,0
207,./EyesDataset/002490.jpg,1
208,./EyesDataset/002995.jpg,0
209,./EyesDataset/000692.jpg,0
210,./EyesDataset/000096.jpg,1
211,./EyesDataset/002977.jpg,0
212,./EyesDataset/001261.jpg,0
213,./EyesDataset/000920.jpg,1
214,./EyesDataset/002412.jpg,0
215,./EyesDataset/000958.jpg,0
216,./EyesDataset/002517.jpg,1
217,./EyesDataset/001611.jpg,0
218,./EyesDataset/002912.jpg,1
219,./EyesDataset/000751.jpg,1
220,./EyesDataset/003311.jpg,1
221,./EyesDataset/003003.jpg,0
222,./EyesDataset/003235.jpg,0
223,./EyesDataset/000773.jpg,0
224,./EyesDataset/000201.jpg,0
225,./EyesDataset/002865.jpg,1
226,./EyesDataset/003747.jpg,0
227,./EyesDataset/002788.jpg,0
228,./EyesDataset/000431.jpg,1
229,./EyesDataset/003702.jpg,1
230,./EyesDataset/002506.jpg,0
231,./EyesDataset/000363.jpg,1
232,./EyesDataset/003333.jpg,1
233,./EyesDataset/002668.jpg,0
234,./EyesDataset/002351.jpg,0
235,./EyesDataset/001907.jpg,0
236,./EyesDataset/001886.jpg,1
237,./EyesDataset/001231.jpg,1
238,./EyesDataset/002029.jpg,0
239,./EyesDataset/000241.jpg,1
240,./EyesDataset/000865.jpg,1
241,./EyesDataset/002553.jpg,1
242,./EyesDataset/003353.jpg,1
243,./EyesDataset/002049.jpg,1
244,./EyesDataset/001214.jpg,0
245,./EyesDataset/002526.jpg,1
246,./EyesDataset/002705.jpg,0
247,./EyesDataset/000638.jpg,1
248,./EyesDataset/002993.jpg,1
249,./EyesDataset/002958.jpg,1
250,./EyesDataset/001146.jpg,1
251,./EyesDataset/000809.jpg,0
252,./EyesDataset/002759.jpg,1
253,./EyesDataset/002512.jpg,1
254,./EyesDataset/002778.jpg,0
255,./EyesDataset/002673.jpg,0
256,./EyesDataset/001037.jpg,0
257,./EyesDataset/003113.jpg,1
258,./EyesDataset/003469.jpg,1
259,./EyesDataset/000449.jpg,1
260,./EyesDataset/000153.jpg,1
261,./EyesDataset/001121.jpg,1
262,./EyesDataset/001192.jpg,0
263,./EyesDataset/001144.jpg,1
264,./EyesDataset/003667.jpg,1
265,./EyesDataset/000978.jpg,1
266,./EyesDataset/001855.jpg,1
267,./EyesDataset/001134.jpg,0
268,./EyesDataset/000982.jpg,0
269,./EyesDataset/002905.jpg,0
270,./EyesDataset/002413.jpg,0
271,./EyesDataset/003589.jpg,0
272,./EyesDataset/002436.jpg,1
273,./EyesDataset/001763.jpg,1
274,./EyesDataset/000086.jpg,0
275,./EyesDataset/000056.jpg,0
276,./EyesDataset/000951.jpg,0
277,./EyesDataset/000976.jpg,0
278,./EyesDataset/002242.jpg,1
279,./EyesDataset/001796.jpg,1
280,./EyesDataset/002440.jpg,1
281,./EyesDataset/002176.jpg,1
282,./EyesDataset/001457.jpg,0
283,./EyesDataset/003933.jpg,1
284,./EyesDataset/001265.jpg,0
285,./EyesDataset/003071.jpg,1
286,./EyesDataset/003396.jpg,0
287,./EyesDataset/003644.jpg,1
288,./EyesDataset/003127.jpg,1
289,./EyesDataset/000277.jpg,1
290,./EyesDataset/000184.jpg,1
291,./EyesDataset/003171.jpg,1
292,./EyesDataset/001187.jpg,1
293,./EyesDataset/002931.jpg,1
294,./EyesDataset/001800.jpg,1
295,./EyesDataset/003671.jpg,0
296,./EyesDataset/002068.jpg,1
297,./EyesDataset/001682.jpg,0
298,./EyesDataset/000676.jpg,1
299,./EyesDataset/002913.jpg,0
300,./EyesDataset/003935.jpg,0
301,./EyesDataset/000845.jpg,0
302,./EyesDataset/003199.jpg,1
303,./EyesDataset/002235.jpg,0
304,./EyesDataset/002790.jpg,1
305,./EyesDataset/003990.jpg,0
306,./EyesDataset/003596.jpg,1
307,./EyesDataset/003594.jpg,1
308,./EyesDataset/000648.jpg,1
309,./EyesDataset/001569.jpg,1
310,./EyesDataset/000841.jpg,1
311,./EyesDataset/003232.jpg,1
312,./EyesDataset/003588.jpg,0
313,./EyesDataset/003206.jpg,1
314,./EyesDataset/001338.jpg,0
315,./EyesDataset/000009.jpg,1
316,./EyesDataset/003604.jpg,0
317,./EyesDataset/003474.jpg,1
318,./EyesDataset/002584.jpg,0
319,./EyesDataset/003532.jpg,0
320,./EyesDataset/003775.jpg,1
321,./EyesDataset/002373.jpg,1
322,./EyesDataset/003316.jpg,0
323,./EyesDataset/000064.jpg,0
324,./EyesDataset/001177.jpg,0
325,./EyesDataset/001835.jpg,0
326,./EyesDataset/003587.jpg,1
327,./EyesDataset/000128.jpg,1
328,./EyesDataset/002305.jpg,0
329,./EyesDataset/000243.jpg,0
330,./EyesDataset/002911.jpg,1
331,./EyesDataset/000872.jpg,0
332,./EyesDataset/003208.jpg,1
333,./EyesDataset/001762.jpg,0
334,./EyesDataset/002960.jpg,1
335,./EyesDataset/003790.jpg,0
336,./EyesDataset/003324.jpg,1
337,./EyesDataset/002520.jpg,1
338,./EyesDataset/002151.jpg,0
339,./EyesDataset/000514.jpg,1
340,./EyesDataset/003185.jpg,1
341,./EyesDataset/000868.jpg,1
342,./EyesDataset/000610.jpg,0
343,./EyesDataset/000521.jpg,0
344,./EyesDataset/002953.jpg,1
345,./EyesDataset/002487.jpg,1
346,./EyesDataset/002764.jpg,1
347,./EyesDataset/003915.jpg,1
348,./EyesDataset/000151.jpg,1
349,./EyesDataset/000567.jpg,0
350,./EyesDataset/000787.jpg,0
351,./EyesDataset/000707.jpg,0
352,./EyesDataset/000622.jpg,0
353,./EyesDataset/000368.jpg,0
354,./EyesDataset/002053.jpg,1
355,./EyesDataset/002096.jpg,1
356,./EyesDataset/003088.jpg,0
357,./EyesDataset/000008.jpg,1
358,./EyesDataset/000749.jpg,1
359,./EyesDataset/001150.jpg,0
360,./EyesDataset/000029.jpg,1
361,./EyesDataset/002103.jpg,1
362,./EyesDataset/001305.jpg,0
363,./EyesDataset/001365.jpg,0
364,./EyesDataset/002012.jpg,0
365,./EyesDataset/003732.jpg,0
366,./EyesDataset/000052.jpg,1
367,./EyesDataset/001759.jpg,0
368,./EyesDataset/002019.jpg,0
369,./EyesDataset/002140.jpg,0
370,./EyesDataset/002021.jpg,0
371,./EyesDataset/002106.jpg,0
372,./EyesDataset/000940.jpg,1
373,./EyesDataset/000451.jpg,0
374,./EyesDataset/002145.jpg,1
375,./EyesDataset/003094.jpg,0
376,./EyesDataset/003357.jpg,1
377,./EyesDataset/002243.jpg,1
378,./EyesDataset/001085.jpg,1
379,./EyesDataset/002999.jpg,1
380,./EyesDataset/000385.jpg,0
381,./EyesDataset/002113.jpg,1
382,./EyesDataset/002055.jpg,0
383,./EyesDataset/002689.jpg,0
384,./EyesDataset/001110.jpg,0
385,./EyesDataset/003738.jpg,1
386,./EyesDataset/002804.jpg,0
387,./EyesDataset/002173.jpg,0
388,./EyesDataset/000838.jpg,0
389,./EyesDataset/000092.jpg,0
390,./EyesDataset/003074.jpg,0
391,./EyesDataset/003605.jpg,1
392,./EyesDataset/003745.jpg,0
393,./EyesDataset/003873.jpg,1
394,./EyesDataset/001727.jpg,0
395,./EyesDataset/001642.jpg,0
396,./EyesDataset/001928.jpg,0
397,./EyesDataset/001492.jpg,1
398,./EyesDataset/003803.jpg,1
399,./EyesDataset/001219.jpg,1
400,./EyesDataset/002034.jpg,1
401,./EyesDataset/003341.jpg,0
402,./EyesDataset/001445.jpg,1
403,./EyesDataset/003834.jpg,1
404,./EyesDataset/003763.jpg,0
405,./EyesDataset/002234.jpg,0
406,./EyesDataset/000924.jpg,0
407,./EyesDataset/003583.jpg,0
408,./EyesDataset/001290.jpg,0
409,./EyesDataset/002593.jpg,1
410,./EyesDataset/001042.jpg,1
411,./EyesDataset/001033.jpg,0
412,./EyesDataset/001738.jpg,0
413,./EyesDataset/001991.jpg,0
414,./EyesDataset/002592.jpg,0
415,./EyesDataset/000574.jpg,0
416,./EyesDataset/002768.jpg,0
417,./EyesDataset/002981.jpg,1
418,./EyesDataset/002527.jpg,1
419,./EyesDataset/001821.jpg,0
420,./EyesDataset/002174.jpg,1
421,./EyesDataset/002378.jpg,1
422,./EyesDataset/003940.jpg,1
423,./EyesDataset/002625.jpg,0
424,./EyesDataset/001337.jpg,1
425,./EyesDataset/000759.jpg,1
426,./EyesDataset/000469.jpg,0
427,./EyesDataset/000693.jpg,1
428,./EyesDataset/002207.jpg,1
429,./EyesDataset/002060.jpg,0
430,./EyesDataset/000830.jpg,0
431,./EyesDataset/000185.jpg,0
432,./EyesDataset/000073.jpg,1
433,./EyesDataset/000956.jpg,1
434,./EyesDataset/002047.jpg,1
435,./EyesDataset/000998.jpg,0
436,./EyesDataset/003101.jpg,1
437,./EyesDataset/003332.jpg,0
438,./EyesDataset/002265.jpg,1
439,./EyesDataset/000897.jpg,0
440,./EyesDataset/000176.jpg,1
441,./EyesDataset/003265.jpg,0
442,./EyesDataset/000589.jpg,1
443,./EyesDataset/003408.jpg,1
444,./EyesDataset/003675.jpg,0
445,./EyesDataset/002458.jpg,1
446,./EyesDataset/003419.jpg,1
447,./EyesDataset/000953.jpg,1
448,./EyesDataset/001661.jpg,1
449,./EyesDataset/001028.jpg,1
450,./EyesDataset/002679.jpg,1
451,./EyesDataset/001683.jpg,1
452,./EyesDataset/003824.jpg,1
453,./EyesDataset/000919.jpg,0
454,./EyesDataset/003565.jpg,1
455,./EyesDataset/003243.jpg,1
456,./EyesDataset/001383.jpg,0
457,./EyesDataset/002092.jpg,0
458,./EyesDataset/001953.jpg,0
459,./EyesDataset/000104.jpg,0
460,./EyesDataset/001867.jpg,0
461,./EyesDataset/002986.jpg,0
462,./EyesDataset/001266.jpg,1
463,./EyesDataset/000732.jpg,0
464,./EyesDataset/003348.jpg,0
465,./EyesDataset/001093.jpg,1
466,./EyesDataset/003801.jpg,0
467,./EyesDataset/003614.jpg,1
468,./EyesDataset/000586.jpg,0
469,./EyesDataset/000921.jpg,1
470,./EyesDataset/003035.jpg,1
471,./EyesDataset/000864.jpg,0
472,./EyesDataset/003557.jpg,1
473,./EyesDataset/003878.jpg,0
474,./EyesDataset/003286.jpg,0
475,./EyesDataset/001670.jpg,1
476,./EyesDataset/000097.jpg,1
477,./EyesDataset/002888.jpg,1
478,./EyesDataset/001381.jpg,1
479,./EyesDataset/003547.jpg,0
480,./EyesDataset/001675.jpg,1
481,./EyesDataset/002229.jpg,0
482,./EyesDataset/003965.jpg,0
483,./EyesDataset/002396.jpg,0
484,./EyesDataset/000995.jpg,0
485,./EyesDataset/001223.jpg,1
486,./EyesDataset/002797.jpg,1
487,./EyesDataset/002385.jpg,0
488,./EyesDataset/001471.jpg,1
489,./EyesDataset/002706.jpg,1
490,./EyesDataset/002423.jpg,0
491,./EyesDataset/001892.jpg,1
492,./EyesDataset/000359.jpg,0
493,./EyesDataset/002492.jpg,0
494,./EyesDataset/003690.jpg,1
495,./EyesDataset/001576.jpg,1
496,./EyesDataset/002244.jpg,1
497,./EyesDataset/000105.jpg,0
498,./EyesDataset/003810.jpg,0
499,./EyesDataset/003954.jpg,1
500,./EyesDataset/000769.jpg,1
501,./EyesDataset/000603.jpg,1
502,./EyesDataset/002339.jpg,0
503,./EyesDataset/002594.jpg,0
504,./EyesDataset/002383.jpg,1
505,./EyesDataset/002555.jpg,1
506,./EyesDataset/003122.jpg,0
507,./EyesDataset/002118.jpg,1
508,./EyesDataset/003717.jpg,1
509,./EyesDataset/002431.jpg,1
510,./EyesDataset/001828.jpg,0
511,./EyesDataset/002901.jpg,1
512,./EyesDataset/002677.jpg,1
513,./EyesDataset/001126.jpg,1
514,./EyesDataset/003398.jpg,0
515,./EyesDataset/002022.jpg,0
516,./EyesDataset/000669.jpg,1
517,./EyesDataset/002656.jpg,1
518,./EyesDataset/002360.jpg,1
519,./EyesDataset/001902.jpg,0
520,./EyesDataset/003044.jpg,1
521,./EyesDataset/000627.jpg,0
522,./EyesDataset/000199.jpg,1
523,./EyesDataset/002683.jpg,1
524,./EyesDataset/002808.jpg,1
525,./EyesDataset/003730.jpg,1
526,./EyesDataset/000746.jpg,0
527,./EyesDataset/002202.jpg,0
528,./EyesDataset/002172.jpg,1
529,./EyesDataset/000173.jpg,1
530,./EyesDataset/002530.jpg,1
531,./EyesDataset/003335.jpg,1
532,./EyesDataset/001982.jpg,1
533,./EyesDataset/002285.jpg,0
534,./EyesDataset/001955.jpg,1
535,./EyesDataset/003509.jpg,0
536,./EyesDataset/001585.jpg,0
537,./EyesDataset/003851.jpg,1
538,./EyesDataset/000110.jpg,0
539,./EyesDataset/001962.jpg,1
540,./EyesDataset/002619.jpg,1
541,./EyesDataset/002348.jpg,1
542,./EyesDataset/000562.jpg,1
543,./EyesDataset/003573.jpg,1
544,./EyesDataset/003556.jpg,0
545,./EyesDataset/003821.jpg,0
546,./EyesDataset/002540.jpg,1
547,./EyesDataset/000005.jpg,0
548,./EyesDataset/000983.jpg,1
549,./EyesDataset/000347.jpg,1
550,./EyesDataset/000596.jpg,0
551,./EyesDataset/001589.jpg,1
552,./EyesDataset/000115.jpg,0
553,./EyesDataset/003270.jpg,1
554,./EyesDataset/001966.jpg,0
555,./EyesDataset/003300.jpg,0
556,./EyesDataset/002727.jpg,1
557,./EyesDataset/003334.jpg,0
558,./EyesDataset/001344.jpg,1
559,./EyesDataset/000380.jpg,1
560,./EyesDataset/002739.jpg,1
561,./EyesDataset/001856.jpg,1
562,./EyesDataset/003025.jpg,0
563,./EyesDataset/003433.jpg,0
564,./EyesDataset/000899.jpg,0
565,./EyesDataset/002376.jpg,1
566,./EyesDataset/002793.jpg,1
567,./EyesDataset/002033.jpg,0
568,./EyesDataset/001128.jpg,1
569,./EyesDataset/003148.jpg,1
570,./EyesDataset/001115.jpg,0
571,./EyesDataset/001790.jpg,1
572,./EyesDataset/002122.jpg,1
573,./EyesDataset/001299.jpg,0
574,./EyesDataset/000208.jpg,0
575,./EyesDataset/000391.jpg,1
576,./EyesDataset/002497.jpg,1
577,./EyesDataset/000384.jpg,0
578,./EyesDataset/003276.jpg,0
579,./EyesDataset/002228.jpg,0
580,./EyesDataset/003272.jpg,0
581,./EyesDataset/000527.jpg,1
582,./EyesDataset/001717.jpg,0
583,./EyesDataset/000396.jpg,1
584,./EyesDataset/003627.jpg,0
585,./EyesDataset/003496.jpg,1
586,./EyesDataset/003453.jpg,0
587,./EyesDataset/000237.jpg,1
588,./EyesDataset/003710.jpg,0
589,./EyesDataset/002061.jpg,0
590,./EyesDataset/003390.jpg,0
591,./EyesDataset/003577.jpg,0
592,./EyesDataset/003743.jpg,0
593,./EyesDataset/000311.jpg,1
594,./EyesDataset/003608.jpg,0
595,./EyesDataset/002354.jpg,0
596,./EyesDataset/000129.jpg,1
597,./EyesDataset/003691.jpg,1
598,./EyesDataset/000877.jpg,1
599,./EyesDataset/002806.jpg,1
600,./EyesDataset/000533.jpg,1
601,./EyesDataset/001814.jpg,1
602,./EyesDataset/002698.jpg,0
603,./EyesDataset/001356.jpg,0
604,./EyesDataset/003287.jpg,0
605,./EyesDataset/003725.jpg,0
606,./EyesDataset/003756.jpg,1
607,./EyesDataset/003319.jpg,0
608,./EyesDataset/003050.jpg,1
609,./EyesDataset/002177.jpg,1
610,./EyesDataset/003712.jpg,1
611,./EyesDataset/000605.jpg,1
612,./EyesDataset/001402.jpg,0
613,./EyesDataset/003584.jpg,0
614,./EyesDataset/001226.jpg,0
615,./EyesDataset/003040.jpg,1
616,./EyesDataset/003641.jpg,1
617,./EyesDataset/000847.jpg,0
618,./EyesDataset/001417.jpg,1
619,./EyesDataset/000098.jpg,0
620,./EyesDataset/002827.jpg,0
621,./EyesDataset/002483.jpg,1
622,./EyesDataset/003114.jpg,1
623,./EyesDataset/001621.jpg,0
624,./EyesDataset/000026.jpg,0
625,./EyesDataset/001742.jpg,1
626,./EyesDataset/003929.jpg,1
627,./EyesDataset/003548.jpg,0
628,./EyesDataset/000966.jpg,1
629,./EyesDataset/002920.jpg,0
630,./EyesDataset/002278.jpg,0
631,./EyesDataset/000038.jpg,0
632,./EyesDataset/002702.jpg,1
633,./EyesDataset/002754.jpg,0
634,./EyesDataset/001147.jpg,0
635,./EyesDataset/000313.jpg,1
636,./EyesDataset/001502.jpg,0
637,./EyesDataset/001060.jpg,1
638,./EyesDataset/002303.jpg,0
639,./EyesDataset/000232.jpg,1
640,./EyesDataset/003688.jpg,1
641,./EyesDataset/001448.jpg,0
642,./EyesDataset/002843.jpg,0
643,./EyesDataset/000223.jpg,0
644,./EyesDataset/002924.jpg,1
645,./EyesDataset/003862.jpg,1
646,./EyesDataset/001427.jpg,0
647,./EyesDataset/002820.jpg,1
648,./EyesDataset/000282.jpg,1
649,./EyesDataset/001375.jpg,1
650,./EyesDataset/000215.jpg,0
651,./EyesDataset/000399.jpg,1
652,./EyesDataset/001197.jpg,0
653,./EyesDataset/000309.jpg,1
654,./EyesDataset/001570.jpg,1
655,./EyesDataset/001067.jpg,0
656,./EyesDataset/002848.jpg,0
657,./EyesDataset/001123.jpg,0
658,./EyesDataset/000554.jpg,1
659,./EyesDataset/000519.jpg,1
660,./EyesDataset/000066.jpg,1
661,./EyesDataset/003344.jpg,1
662,./EyesDataset/003975.jpg,0
663,./EyesDataset/001567.jpg,1
664,./EyesDataset/003019.jpg,1
665,./EyesDataset/002714.jpg,1
666,./EyesDataset/000874.jpg,1
667,./EyesDataset/001516.jpg,1
668,./EyesDataset/000298.jpg,0
669,./EyesDataset/002532.jpg,1
670,./EyesDataset/000689.jpg,0
671,./EyesDataset/003979.jpg,0
672,./EyesDataset/001269.jpg,0
673,./EyesDataset/002056.jpg,1
674,./EyesDataset/003470.jpg,1
675,./EyesDataset/002510.jpg,1
676,./EyesDataset/002826.jpg,1
677,./EyesDataset/002167.jpg,0
678,./EyesDataset/003826.jpg,0
679,./EyesDataset/000756.jpg,0
680,./EyesDataset/003655.jpg,0
681,./EyesDataset/003230.jpg,1
682,./EyesDataset/000047.jpg,0
683,./EyesDataset/000279.jpg,0
684,./EyesDataset/000225.jpg,1
685,./EyesDataset/000134.jpg,1
686,./EyesDataset/000425.jpg,0
687,./EyesDataset/003684.jpg,1
688,./EyesDataset/003070.jpg,1
689,./EyesDataset/000288.jpg,1
690,./EyesDataset/001493.jpg,0
691,./EyesDataset/003814.jpg,1
692,./EyesDataset/000770.jpg,0
693,./EyesDataset/003405.jpg,1
694,./EyesDataset/002009.jpg,0
695,./EyesDataset/000530.jpg,1
696,./EyesDataset/000682.jpg,0
697,./EyesDataset/001321.jpg,0
698,./EyesDataset/001296.jpg,1
699,./EyesDataset/002158.jpg,0
700,./EyesDataset/003618.jpg,0
701,./EyesDataset/003906.jpg,0
702,./EyesDataset/001553.jpg,1
703,./EyesDataset/002114.jpg,0
704,./EyesDataset/003916.jpg,1
705,./EyesDataset/001017.jpg,1
706,./EyesDataset/001333.jpg,0
707,./EyesDataset/000851.jpg,1
708,./EyesDataset/002390.jpg,1
709,./EyesDataset/000784.jpg,1
710,./EyesDataset/002159.jpg,0
711,./EyesDataset/003995.jpg,0
712,./EyesDataset/000688.jpg,1
713,./EyesDataset/000509.jpg,1
714,./EyesDataset/003427.jpg,1
715,./EyesDataset/000252.jpg,0
716,./EyesDataset/002809.jpg,0
717,./EyesDataset/003187.jpg,1
718,./EyesDataset/000072.jpg,1
719,./EyesDataset/001894.jpg,0
720,./EyesDataset/003859.jpg,1
721,./EyesDataset/003096.jpg,0
722,./EyesDataset/000276.jpg,1
723,./EyesDataset/002400.jpg,0
724,./EyesDataset/002519.jpg,0
725,./EyesDataset/003400.jpg,1
726,./EyesDataset/000863.jpg,1
727,./EyesDataset/000740.jpg,1
728,./EyesDataset/001087.jpg,1
729,./EyesDataset/002268.jpg,1
730,./EyesDataset/000193.jpg,0
731,./EyesDataset/002887.jpg,1
732,./EyesDataset/003946.jpg,1
733,./EyesDataset/003423.jpg,1
734,./EyesDataset/002669.jpg,0
735,./EyesDataset/001463.jpg,0
736,./EyesDataset/001633.jpg,1
737,./EyesDataset/002832.jpg,1
738,./EyesDataset/002670.jpg,1
739,./EyesDataset/000438.jpg,0
740,./EyesDataset/001135.jpg,1
741,./EyesDataset/003864.jpg,1
742,./EyesDataset/002427.jpg,1
743,./EyesDataset/000091.jpg,0
744,./EyesDataset/001160.jpg,1
745,./EyesDataset/001923.jpg,1
746,./EyesDataset/001833.jpg,1
747,./EyesDataset/003354.jpg,1
748,./EyesDataset/002319.jpg,1
749,./EyesDataset/001838.jpg,1
750,./EyesDataset/003037.jpg,1
751,./EyesDataset/002180.jpg,1
752,./EyesDataset/000212.jpg,0
753,./EyesDataset/001395.jpg,0
754,./EyesDataset/000849.jpg,0
755,./EyesDataset/001488.jpg,0
756,./EyesDataset/002489.jpg,1
757,./EyesDataset/001188.jpg,1
758,./EyesDataset/001273.jpg,0
759,./EyesDataset/001775.jpg,0
760,./EyesDataset/003994.jpg,1
761,./EyesDataset/002783.jpg,1
762,./EyesDataset/000552.jpg,0
763,./EyesDataset/000221.jpg,1
764,./EyesDataset/003870.jpg,0
765,./EyesDataset/003909.jpg,0
766,./EyesDataset/000401.jpg,0
767,./EyesDataset/000280.jpg,1
768,./EyesDataset/001193.jpg,0
769,./EyesDataset/002544.jpg,0
770,./EyesDataset/002613.jpg,0
771,./EyesDataset/000634.jpg,0
772,./EyesDataset/000300.jpg,0
773,./EyesDataset/002065.jpg,1
774,./EyesDataset/000804.jpg,0
775,./EyesDataset/003611.jpg,0
776,./EyesDataset/001612.jpg,1
777,./EyesDataset/003009.jpg,1
778,./EyesDataset/003330.jpg,1
779,./EyesDataset/002470.jpg,0
780,./EyesDataset/000798.jpg,1
781,./EyesDataset/003818.jpg,1
782,./EyesDataset/000667.jpg,1
783,./EyesDataset/001632.jpg,0
784,./EyesDataset/003838.jpg,0
785,./EyesDataset/003076.jpg,1
786,./EyesDataset/002557.jpg,0
787,./EyesDataset/002035.jpg,1
788,./EyesDataset/000778.jpg,0
789,./EyesDataset/002746.jpg,1
790,./EyesDataset/000927.jpg,0
791,./EyesDataset/001359.jpg,0
792,./EyesDataset/000782.jpg,0
793,./EyesDataset/000913.jpg,1
794,./EyesDataset/002236.jpg,0
795,./EyesDataset/000961.jpg,0
796,./EyesDataset/002980.jpg,1
797,./EyesDataset/001339.jpg,1
798,./EyesDataset/001741.jpg,1
799,./EyesDataset/000566.jpg,0
800,./EyesDataset/003139.jpg,0
801,./EyesDataset/003888.jpg,0
802,./EyesDataset/003147.jpg,0
803,./EyesDataset/001034.jpg,0
804,./EyesDataset/000473.jpg,1
805,./EyesDataset/003685.jpg,0
806,./EyesDataset/002248.jpg,1
807,./EyesDataset/001712.jpg,1
808,./EyesDataset/001619.jpg,1
809,./EyesDataset/003360.jpg,1
810,./EyesDataset/003531.jpg,1
811,./EyesDataset/000413.jpg,1
812,./EyesDataset/001232.jpg,0
813,./EyesDataset/002680.jpg,0
814,./EyesDataset/002691.jpg,1
815,./EyesDataset/003983.jpg,1
816,./EyesDataset/002346.jpg,0
817,./EyesDataset/002264.jpg,0
818,./EyesDataset/001396.jpg,0
819,./EyesDataset/002014.jpg,0
820,./EyesDataset/000329.jpg,1
821,./EyesDataset/000511.jpg,1
822,./EyesDataset/000467.jpg,1
823,./EyesDataset/002010.jpg,1
824,./EyesDataset/000757.jpg,1
825,./EyesDataset/003722.jpg,0
826,./EyesDataset/002445.jpg,1
827,./EyesDataset/001719.jpg,1
828,./EyesDataset/002355.jpg,0
829,./EyesDataset/002001.jpg,1
830,./EyesDataset/001133.jpg,1
831,./EyesDataset/000780.jpg,1
832,./EyesDataset/002749.jpg,0
833,./EyesDataset/002052.jpg,0
834,./EyesDataset/001942.jpg,0
835,./EyesDataset/000518.jpg,0
836,./EyesDataset/001052.jpg,1
837,./EyesDataset/003549.jpg,0
838,./EyesDataset/003162.jpg,1
839,./EyesDataset/003163.jpg,1
840,./EyesDataset/001298.jpg,1
841,./EyesDataset/002188.jpg,1
842,./EyesDataset/001552.jpg,0
843,./EyesDataset/001992.jpg,1
844,./EyesDataset/001038.jpg,0
845,./EyesDataset/002984.jpg,0
846,./EyesDataset/003774.jpg,0
847,./EyesDataset/000663.jpg,0
848,./EyesDataset/002463.jpg,0
849,./EyesDataset/001606.jpg,1
850,./EyesDataset/000218.jpg,0
851,./EyesDataset/003052.jpg,1
852,./EyesDataset/000802.jpg,1
853,./EyesDataset/002570.jpg,1
854,./EyesDataset/000333.jpg,1
855,./EyesDataset/003966.jpg,0
856,./EyesDataset/002919.jpg,0
857,./EyesDataset/000711.jpg,0
858,./EyesDataset/002729.jpg,0
859,./EyesDataset/003925.jpg,1
860,./EyesDataset/002221.jpg,1
861,./EyesDataset/000588.jpg,1
862,./EyesDataset/003165.jpg,1
863,./EyesDataset/003865.jpg,1
864,./EyesDataset/000136.jpg,0
865,./EyesDataset/002914.jpg,0
866,./EyesDataset/002216.jpg,1
867,./EyesDataset/000483.jpg,1
868,./EyesDataset/001951.jpg,1
869,./EyesDataset/002868.jpg,1
870,./EyesDataset/002936.jpg,1
871,./EyesDataset/003448.jpg,1
872,./EyesDataset/002789.jpg,1
873,./EyesDataset/003146.jpg,1
874,./EyesDataset/001860.jpg,0
875,./EyesDataset/001024.jpg,0
876,./EyesDataset/003901.jpg,1
877,./EyesDataset/003306.jpg,1
878,./EyesDataset/001482.jpg,0
879,./EyesDataset/001046.jpg,1
880,./EyesDataset/001336.jpg,0
881,./EyesDataset/000684.jpg,1
882,./EyesDataset/002194.jpg,0
883,./EyesDataset/002717.jpg,1
884,./EyesDataset/000934.jpg,0
885,./EyesDataset/001361.jpg,1
886,./EyesDataset/002573.jpg,0
887,./EyesDataset/002013.jpg,1
888,./EyesDataset/002973.jpg,1
889,./EyesDataset/003635.jpg,0
890,./EyesDataset/002386.jpg,1
891,./EyesDataset/001073.jpg,0
892,./EyesDataset/003570.jpg,1
893,./EyesDataset/000649.jpg,1
894,./EyesDataset/000457.jpg,1
895,./EyesDataset/002000.jpg,1
896,./EyesDataset/000714.jpg,0
897,./EyesDataset/000791.jpg,0
898,./EyesDataset/000244.jpg,0
899,./EyesDataset/003601.jpg,0
900,./EyesDataset/001306.jpg,0
901,./EyesDataset/002734.jpg,0
902,./EyesDataset/003032.jpg,0
903,./EyesDataset/002048.jpg,1
904,./EyesDataset/000615.jpg,0
905,./EyesDataset/001657.jpg,0
906,./EyesDataset/002391.jpg,1
907,./EyesDataset/003936.jpg,0
908,./EyesDataset/001891.jpg,1
909,./EyesDataset/002838.jpg,1
910,./EyesDataset/002692.jpg,1
911,./EyesDataset/003968.jpg,0
912,./EyesDataset/003924.jpg,0
913,./EyesDataset/001846.jpg,1
914,./EyesDataset/002308.jpg,1
915,./EyesDataset/001849.jpg,1
916,./EyesDataset/002781.jpg,1
917,./EyesDataset/000099.jpg,1
918,./EyesDataset/001422.jpg,0
919,./EyesDataset/002456.jpg,1
920,./EyesDataset/002139.jpg,0
921,./EyesDataset/001760.jpg,0
922,./EyesDataset/001641.jpg,0
923,./EyesDataset/003063.jpg,0
924,./EyesDataset/000127.jpg,1
925,./EyesDataset/003476.jpg,1
926,./EyesDataset/001858.jpg,0
927,./EyesDataset/001720.jpg,1
928,./EyesDataset/001861.jpg,1
929,./EyesDataset/003669.jpg,0
930,./EyesDataset/003467.jpg,0
931,./EyesDataset/002249.jpg,0
932,./EyesDataset/001637.jpg,1
933,./EyesDataset/003120.jpg,0
934,./EyesDataset/002280.jpg,0
935,./EyesDataset/002828.jpg,1
936,./EyesDataset/001312.jpg,1
937,./EyesDataset/001295.jpg,1
938,./EyesDataset/001521.jpg,1
939,./EyesDataset/001071.jpg,1
940,./EyesDataset/002805.jpg,0
941,./EyesDataset/001859.jpg,0
942,./EyesDataset/001997.jpg,1
943,./EyesDataset/001205.jpg,1
944,./EyesDataset/000283.jpg,0
945,./EyesDataset/001380.jpg,1
946,./EyesDataset/003816.jpg,0
947,./EyesDataset/003133.jpg,1
948,./EyesDataset/002077.jpg,1
949,./EyesDataset/003723.jpg,1
950,./EyesDataset/001221.jpg,0
951,./EyesDataset/003196.jpg,0
952,./EyesDataset/001868.jpg,0
953,./EyesDataset/002338.jpg,0
954,./EyesDataset/001088.jpg,1
955,./EyesDataset/003202.jpg,0
956,./EyesDataset/000065.jpg,0
957,./EyesDataset/003796.jpg,0
958,./EyesDataset/003987.jpg,1
959,./EyesDataset/003993.jpg,0
960,./EyesDataset/002153.jpg,0
961,./EyesDataset/000394.jpg,1
962,./EyesDataset/000831.jpg,1
963,./EyesDataset/002320.jpg,0
964,./EyesDataset/000659.jpg,0
965,./EyesDataset/001472.jpg,1
966,./EyesDataset/000068.jpg,0
967,./EyesDataset/000358.jpg,1
968,./EyesDataset/001419.jpg,0
969,./EyesDataset/003452.jpg,1
970,./EyesDataset/002283.jpg,1
971,./EyesDataset/002425.jpg,1
972,./EyesDataset/000960.jpg,1
973,./EyesDataset/003069.jpg,0
974,./EyesDataset/003856.jpg,0
975,./EyesDataset/002840.jpg,0
976,./EyesDataset/003145.jpg,1
977,./EyesDataset/003670.jpg,0
978,./EyesDataset/002418.jpg,0
979,./EyesDataset/003575.jpg,1
980,./EyesDataset/002951.jpg,1
981,./EyesDataset/000420.jpg,1
982,./EyesDataset/003713.jpg,1
983,./EyesDataset/002347.jpg,0
984,./EyesDataset/001485.jpg,1
985,./EyesDataset/002062.jpg,1
986,./EyesDataset/001967.jpg,0
987,./EyesDataset/002164.jpg,0
988,./EyesDataset/000141.jpg,0
989,./EyesDataset/003264.jpg,0
990,./EyesDataset/000200.jpg,1
991,./EyesDataset/000275.jpg,1
992,./EyesDataset/003520.jpg,0
993,./EyesDataset/001194.jpg,1
994,./EyesDataset/002251.jpg,0
995,./EyesDataset/003550.jpg,1
996,./EyesDataset/002104.jpg,1
997,./EyesDataset/000834.jpg,1
998,./EyesDataset/003080.jpg,1
999,./EyesDataset/002411.jpg,0
1000,./EyesDataset/001622.jpg,0
1001,./EyesDataset/002941.jpg,0
1002,./EyesDataset/002082.jpg,0
1003,./EyesDataset/001865.jpg,1
1004,./EyesDataset/001573.jpg,0
1005,./EyesDataset/000034.jpg,1
1006,./EyesDataset/000267.jpg,0
1007,./EyesDataset/003436.jpg,1
1008,./EyesDataset/003555.jpg,1
1009,./EyesDataset/003630.jpg,1
1010,./EyesDataset/001690.jpg,0
1011,./EyesDataset/003579.jpg,0
1012,./EyesDataset/003486.jpg,0
1013,./EyesDataset/002185.jpg,1
1014,./EyesDataset/001108.jpg,1
1015,./EyesDataset/000750.jpg,0
1016,./EyesDataset/002430.jpg,0
1017,./EyesDataset/000883.jpg,0
1018,./EyesDataset/002059.jpg,0
1019,./EyesDataset/003802.jpg,0
1020,./EyesDataset/003479.jpg,1
1021,./EyesDataset/002006.jpg,1
1022,./EyesDataset/001436.jpg,0
1023,./EyesDataset/003451.jpg,1
1024,./EyesDataset/002756.jpg,1
1025,./EyesDataset/002898.jpg,0
1026,./EyesDataset/000374.jpg,0
1027,./EyesDataset/002863.jpg,0
1028,./EyesDataset/003364.jpg,0
1029,./EyesDataset/002267.jpg,1
1030,./EyesDataset/000228.jpg,1
1031,./EyesDataset/003326.jpg,0
1032,./EyesDataset/000621.jpg,1
1033,./EyesDataset/003303.jpg,0
1034,./EyesDataset/001607.jpg,1
1035,./EyesDataset/000704.jpg,1
1036,./EyesDataset/001412.jpg,1
1037,./EyesDataset/002580.jpg,1
1038,./EyesDataset/002917.jpg,1
1039,./EyesDataset/001315.jpg,0
1040,./EyesDataset/002450.jpg,1
1041,./EyesDataset/003958.jpg,0
1042,./EyesDataset/001418.jpg,1
1043,./EyesDataset/002631.jpg,0
1044,./EyesDataset/003219.jpg,0
1045,./EyesDataset/001225.jpg,1
1046,./EyesDataset/000963.jpg,1
1047,./EyesDataset/002661.jpg,1
1048,./EyesDataset/002645.jpg,0
1049,./EyesDataset/000547.jpg,0
1050,./EyesDataset/003510.jpg,0
1051,./EyesDataset/003087.jpg,0
1052,./EyesDataset/003567.jpg,0
1053,./EyesDataset/000053.jpg,0
1054,./EyesDataset/003626.jpg,0
1055,./EyesDataset/003204.jpg,1
1056,./EyesDataset/002387.jpg,0
1057,./EyesDataset/000126.jpg,1
1058,./EyesDataset/001006.jpg,0
1059,./EyesDataset/000771.jpg,0
1060,./EyesDataset/002432.jpg,1
1061,./EyesDataset/002333.jpg,0
1062,./EyesDataset/001934.jpg,0
1063,./EyesDataset/002696.jpg,0
1064,./EyesDataset/000342.jpg,1
1065,./EyesDataset/002518.jpg,1
1066,./EyesDataset/002587.jpg,1
1067,./EyesDataset/001141.jpg,0
1068,./EyesDataset/002353.jpg,0
1069,./EyesDataset/001257.jpg,1
1070,./EyesDataset/003785.jpg,1
1071,./EyesDataset/003765.jpg,0
1072,./EyesDataset/001939.jpg,1
1073,./EyesDataset/001519.jpg,0
1074,./EyesDataset/002747.jpg,0
1075,./EyesDataset/000006.jpg,1
1076,./EyesDataset/002782.jpg,0
1077,./EyesDataset/000138.jpg,0
1078,./EyesDataset/002638.jpg,1
1079,./EyesDataset/001198.jpg,0
1080,./EyesDataset/003716.jpg,1
1081,./EyesDataset/000656.jpg,0
1082,./EyesDataset/002538.jpg,0
1083,./EyesDataset/003883.jpg,1
1084,./EyesDataset/000611.jpg,0
1085,./EyesDataset/003718.jpg,1
1086,./EyesDataset/002803.jpg,0
1087,./EyesDataset/003046.jpg,1
1088,./EyesDataset/001528.jpg,1
1089,./EyesDataset/000886.jpg,1
1090,./EyesDataset/001491.jpg,0
1091,./EyesDataset/000035.jpg,1
1092,./EyesDataset/001673.jpg,1
1093,./EyesDataset/000900.jpg,1
1094,./EyesDataset/000665.jpg,0
1095,./EyesDataset/000050.jpg,0
1096,./EyesDataset/000273.jpg,1
1097,./EyesDataset/003067.jpg,0
1098,./EyesDataset/003102.jpg,0
1099,./EyesDataset/001005.jpg,1
1100,./EyesDataset/000162.jpg,1
1101,./EyesDataset/001826.jpg,1
1102,./EyesDataset/002406.jpg,0
1103,./EyesDataset/001918.jpg,1
1104,./EyesDataset/001913.jpg,0
1105,./EyesDataset/002524.jpg,0
1106,./EyesDataset/001703.jpg,0
1107,./EyesDataset/003189.jpg,0
1108,./EyesDataset/002929.jpg,1
1109,./EyesDataset/001718.jpg,0
1110,./EyesDataset/002438.jpg,0
1111,./EyesDataset/000488.jpg,0
1112,./EyesDataset/002659.jpg,0
1113,./EyesDataset/003843.jpg,0
1114,./EyesDataset/001220.jpg,0
1115,./EyesDataset/003869.jpg,0
1116,./EyesDataset/002259.jpg,1
1117,./EyesDataset/001086.jpg,0
1118,./EyesDataset/003267.jpg,0
1119,./EyesDataset/001831.jpg,0
1120,./EyesDataset/000709.jpg,0
1121,./EyesDataset/002892.jpg,1
1122,./EyesDataset/000600.jpg,0
1123,./EyesDataset/003424.jpg,1
1124,./EyesDataset/000616.jpg,0
1125,./EyesDataset/002558.jpg,1
1126,./EyesDataset/001151.jpg,0
1127,./EyesDataset/002726.jpg,1
1128,./EyesDataset/000286.jpg,0
1129,./EyesDataset/003099.jpg,1
1130,./EyesDataset/002222.jpg,1
1131,./EyesDataset/003552.jpg,0
1132,./EyesDataset/001924.jpg,0
1133,./EyesDataset/000796.jpg,1
1134,./EyesDataset/002509.jpg,1
1135,./EyesDataset/001334.jpg,0
1136,./EyesDataset/002546.jpg,1
1137,./EyesDataset/001768.jpg,1
1138,./EyesDataset/001392.jpg,0
1139,./EyesDataset/001839.jpg,0
1140,./EyesDataset/000292.jpg,0
1141,./EyesDataset/001941.jpg,1
1142,./EyesDataset/003828.jpg,1
1143,./EyesDataset/001871.jpg,0
1144,./EyesDataset/000620.jpg,0
1145,./EyesDataset/002262.jpg,1
1146,./EyesDataset/000644.jpg,1
1147,./EyesDataset/000503.jpg,0
1148,./EyesDataset/003527.jpg,0
1149,./EyesDataset/001183.jpg,1
1150,./EyesDataset/000891.jpg,0
1151,./EyesDataset/003430.jpg,1
1152,./EyesDataset/000731.jpg,0
1153,./EyesDataset/002279.jpg,0
1154,./EyesDataset/002246.jpg,1
1155,./EyesDataset/001757.jpg,0
1156,./EyesDataset/002212.jpg,0
1157,./EyesDataset/003778.jpg,0
1158,./EyesDataset/001587.jpg,0
1159,./EyesDataset/000037.jpg,0
1160,./EyesDataset/000377.jpg,0
1161,./EyesDataset/003815.jpg,1
1162,./EyesDataset/001810.jpg,0
1163,./EyesDataset/000570.jpg,1
1164,./EyesDataset/001398.jpg,1
1165,./EyesDataset/003740.jpg,0
1166,./EyesDataset/002541.jpg,0
1167,./EyesDataset/002718.jpg,1
1168,./EyesDataset/002750.jpg,0
1169,./EyesDataset/000395.jpg,0
1170,./EyesDataset/000909.jpg,1
1171,./EyesDataset/002193.jpg,1
1172,./EyesDataset/001639.jpg,0
1173,./EyesDataset/002214.jpg,0
1174,./EyesDataset/002408.jpg,0
1175,./EyesDataset/002128.jpg,0
1176,./EyesDataset/003186.jpg,0
1177,./EyesDataset/001584.jpg,0
1178,./EyesDataset/001957.jpg,1
1179,./EyesDataset/001083.jpg,0
1180,./EyesDataset/003176.jpg,0
1181,./EyesDataset/003592.jpg,1
1182,./EyesDataset/000825.jpg,0
1183,./EyesDataset/000935.jpg,1
1184,./EyesDataset/003336.jpg,0
1185,./EyesDataset/000480.jpg,0
1186,./EyesDataset/001640.jpg,1
1187,./EyesDataset/002569.jpg,1
1188,./EyesDataset/003665.jpg,0
1189,./EyesDataset/001844.jpg,1
1190,./EyesDataset/002770.jpg,0
1191,./EyesDataset/001744.jpg,1
1192,./EyesDataset/001666.jpg,0
1193,./EyesDataset/001602.jpg,1
1194,./EyesDataset/000076.jpg,0
1195,./EyesDataset/001397.jpg,1
1196,./EyesDataset/001771.jpg,1
1197,./EyesDataset/002816.jpg,1
1198,./EyesDataset/001922.jpg,1
1199,./EyesDataset/000332.jpg,0
1200,./EyesDataset/003411.jpg,1
1201,./EyesDataset/002434.jpg,0
1202,./EyesDataset/000590.jpg,1
1203,./EyesDataset/002402.jpg,0
1204,./EyesDataset/000517.jpg,0
1205,./EyesDataset/001773.jpg,0
1206,./EyesDataset/001614.jpg,0
1207,./EyesDataset/000581.jpg,1
1208,./EyesDataset/002633.jpg,0
1209,./EyesDataset/001376.jpg,1
1210,./EyesDataset/002146.jpg,0
1211,./EyesDataset/003485.jpg,0
1212,./EyesDataset/003798.jpg,1
1213,./EyesDataset/001732.jpg,1
1214,./EyesDataset/002830.jpg,1
1215,./EyesDataset/001229.jpg,1
1216,./EyesDataset/003660.jpg,0
1217,./EyesDataset/000835.jpg,0
1218,./EyesDataset/001754.jpg,0
1219,./EyesDataset/000049.jpg,0
1220,./EyesDataset/000203.jpg,1
1221,./EyesDataset/000975.jpg,1
1222,./EyesDataset/001117.jpg,1
1223,./EyesDataset/003291.jpg,1
1224,./EyesDataset/002323.jpg,1
1225,./EyesDataset/003769.jpg,0
1226,./EyesDataset/003896.jpg,0
1227,./EyesDataset/003178.jpg,0
1228,./EyesDataset/000428.jpg,1
1229,./EyesDataset/001004.jpg,0
1230,./EyesDataset/002990.jpg,0
1231,./EyesDataset/001478.jpg,1
1232,./EyesDataset/002723.jpg,0
1233,./EyesDataset/003100.jpg,0
1234,./EyesDataset/002289.jpg,1
1235,./EyesDataset/001008.jpg,1
1236,./EyesDataset/001301.jpg,1
1237,./EyesDataset/000027.jpg,1
1238,./EyesDataset/001015.jpg,1
1239,./EyesDataset/000812.jpg,1
1240,./EyesDataset/001507.jpg,0
1241,./EyesDataset/002192.jpg,1
1242,./EyesDataset/003236.jpg,1
1243,./EyesDataset/001698.jpg,1
1244,./EyesDataset/002437.jpg,1
1245,./EyesDataset/002607.jpg,1
1246,./EyesDataset/000303.jpg,0
1247,./EyesDataset/002610.jpg,1
1248,./EyesDataset/001900.jpg,0
1249,./EyesDataset/000304.jpg,1
1250,./EyesDataset/003374.jpg,1
1251,./EyesDataset/000743.jpg,1
1252,./EyesDataset/003249.jpg,1
1253,./EyesDataset/000416.jpg,0
1254,./EyesDataset/001286.jpg,0
1255,./EyesDataset/001022.jpg,1
1256,./EyesDataset/000470.jpg,1
1257,./EyesDataset/000336.jpg,0
1258,./EyesDataset/002069.jpg,1
1259,./EyesDataset/000167.jpg,1
1260,./EyesDataset/003942.jpg,0
1261,./EyesDataset/002771.jpg,1
1262,./EyesDataset/000067.jpg,0
1263,./EyesDataset/001190.jpg,0
1264,./EyesDataset/000307.jpg,1
1265,./EyesDataset/000671.jpg,1
1266,./EyesDataset/000078.jpg,0
1267,./EyesDataset/002421.jpg,1
1268,./EyesDataset/001978.jpg,0
1269,./EyesDataset/002642.jpg,1
1270,./EyesDataset/001189.jpg,0
1271,./EyesDataset/003674.jpg,0
1272,./EyesDataset/001722.jpg,1
1273,./EyesDataset/000274.jpg,1
1274,./EyesDataset/003609.jpg,0
1275,./EyesDataset/002881.jpg,1
1276,./EyesDataset/000794.jpg,1
1277,./EyesDataset/002773.jpg,1
1278,./EyesDataset/002780.jpg,1
1279,./EyesDataset/003392.jpg,0
1280,./EyesDataset/003252.jpg,1
1281,./EyesDataset/000024.jpg,1
1282,./EyesDataset/002218.jpg,1
1283,./EyesDataset/003089.jpg,1
1284,./EyesDataset/000583.jpg,0
1285,./EyesDataset/001545.jpg,0
1286,./EyesDataset/001748.jpg,0
1287,./EyesDataset/002340.jpg,1
1288,./EyesDataset/001501.jpg,1
1289,./EyesDataset/000980.jpg,1
1290,./EyesDataset/003692.jpg,1
1291,./EyesDataset/002356.jpg,0
1292,./EyesDataset/003310.jpg,0
1293,./EyesDataset/003156.jpg,1
1294,./EyesDataset/003558.jpg,0
1295,./EyesDataset/002942.jpg,1
1296,./EyesDataset/002493.jpg,1
1297,./EyesDataset/003049.jpg,0
1298,./EyesDataset/002753.jpg,1
1299,./EyesDataset/002686.jpg,0
1300,./EyesDataset/000187.jpg,1
1301,./EyesDataset/001952.jpg,0
1302,./EyesDataset/003969.jpg,1
1303,./EyesDataset/000715.jpg,1
1304,./EyesDataset/002422.jpg,1
1305,./EyesDataset/002238.jpg,1
1306,./EyesDataset/002446.jpg,0
1307,./EyesDataset/003736.jpg,0
1308,./EyesDataset/002641.jpg,0
1309,./EyesDataset/000426.jpg,0
1310,./EyesDataset/000991.jpg,0
1311,./EyesDataset/003664.jpg,0
1312,./EyesDataset/000716.jpg,1
1313,./EyesDataset/001799.jpg,0
1314,./EyesDataset/000837.jpg,1
1315,./EyesDataset/003275.jpg,0
1316,./EyesDataset/000317.jpg,1
1317,./EyesDataset/002745.jpg,1
1318,./EyesDataset/002713.jpg,1
1319,./EyesDataset/002209.jpg,1
1320,./EyesDataset/003182.jpg,0
1321,./EyesDataset/000253.jpg,1
1322,./EyesDataset/001813.jpg,1
1323,./EyesDataset/000653.jpg,1
1324,./EyesDataset/001215.jpg,0
1325,./EyesDataset/002514.jpg,0
1326,./EyesDataset/000015.jpg,0
1327,./EyesDataset/002379.jpg,0
1328,./EyesDataset/002566.jpg,0
1329,./EyesDataset/002957.jpg,0
1330,./EyesDataset/003907.jpg,0
1331,./EyesDataset/000308.jpg,0
1332,./EyesDataset/003506.jpg,1
1333,./EyesDataset/000293.jpg,1
1334,./EyesDataset/003636.jpg,0
1335,./EyesDataset/001704.jpg,0
1336,./EyesDataset/000158.jpg,0
1337,./EyesDataset/002681.jpg,1
1338,./EyesDataset/000894.jpg,1
1339,./EyesDataset/003938.jpg,1
1340,./EyesDataset/003703.jpg,1
1341,./EyesDataset/003913.jpg,0
1342,./EyesDataset/003951.jpg,1
1343,./EyesDataset/001079.jpg,1
1344,./EyesDataset/002093.jpg,1
1345,./EyesDataset/003742.jpg,1
1346,./EyesDataset/003414.jpg,1
1347,./EyesDataset/000860.jpg,1
1348,./EyesDataset/001026.jpg,1
1349,./EyesDataset/002410.jpg,0
1350,./EyesDataset/002784.jpg,1
1351,./EyesDataset/002894.jpg,0
1352,./EyesDataset/001854.jpg,0
1353,./EyesDataset/001845.jpg,0
1354,./EyesDataset/003737.jpg,0
1355,./EyesDataset/001378.jpg,0
1356,./EyesDataset/002748.jpg,1
1357,./EyesDataset/003607.jpg,1
1358,./EyesDataset/002632.jpg,1
1359,./EyesDataset/003155.jpg,1
1360,./EyesDataset/002142.jpg,1
1361,./EyesDataset/002730.jpg,1
1362,./EyesDataset/002883.jpg,1
1363,./EyesDataset/001148.jpg,1
1364,./EyesDataset/002757.jpg,1
1365,./EyesDataset/001817.jpg,1
1366,./EyesDataset/003507.jpg,1
1367,./EyesDataset/001294.jpg,1
1368,./EyesDataset/001575.jpg,0
1369,./EyesDataset/002537.jpg,0
1370,./EyesDataset/002190.jpg,1
1371,./EyesDataset/001137.jpg,0
1372,./EyesDataset/000432.jpg,1
1373,./EyesDataset/002861.jpg,1
1374,./EyesDataset/002615.jpg,0
1375,./EyesDataset/003034.jpg,1
1376,./EyesDataset/000832.jpg,1
1377,./EyesDataset/003308.jpg,1
1378,./EyesDataset/000658.jpg,1
1379,./EyesDataset/001070.jpg,0
1380,./EyesDataset/000585.jpg,0
1381,./EyesDataset/002829.jpg,0
1382,./EyesDataset/000257.jpg,0
1383,./EyesDataset/003662.jpg,0
1384,./EyesDataset/001735.jpg,1
1385,./EyesDataset/003569.jpg,1
1386,./EyesDataset/001620.jpg,1
1387,./EyesDataset/003376.jpg,1
1388,./EyesDataset/003495.jpg,1
1389,./EyesDataset/003480.jpg,0
1390,./EyesDataset/003450.jpg,1
1391,./EyesDataset/003681.jpg,0
1392,./EyesDataset/002604.jpg,1
1393,./EyesDataset/002175.jpg,1
1394,./EyesDataset/002628.jpg,0
1395,./EyesDataset/000315.jpg,0
1396,./EyesDataset/001327.jpg,1
1397,./EyesDataset/003016.jpg,1
1398,./EyesDataset/003977.jpg,1
1399,./EyesDataset/000061.jpg,1
1400,./EyesDataset/000992.jpg,0
1401,./EyesDataset/002877.jpg,0
1402,./EyesDataset/002846.jpg,1
1403,./EyesDataset/000768.jpg,1
1404,./EyesDataset/001517.jpg,1
1405,./EyesDataset/002716.jpg,1
1406,./EyesDataset/001566.jpg,0
1407,./EyesDataset/002576.jpg,1
1408,./EyesDataset/003055.jpg,0
1409,./EyesDataset/002812.jpg,0
1410,./EyesDataset/000357.jpg,0
1411,./EyesDataset/001764.jpg,1
1412,./EyesDataset/001429.jpg,1
1413,./EyesDataset/000088.jpg,1
1414,./EyesDataset/002472.jpg,1
1415,./EyesDataset/003795.jpg,1
1416,./EyesDataset/001282.jpg,1
1417,./EyesDataset/002291.jpg,1
1418,./EyesDataset/003884.jpg,0
1419,./EyesDataset/003612.jpg,1
1420,./EyesDataset/001851.jpg,1
1421,./EyesDataset/000928.jpg,0
1422,./EyesDataset/002227.jpg,0
1423,./EyesDataset/001377.jpg,1
1424,./EyesDataset/001710.jpg,1
1425,./EyesDataset/002792.jpg,1
1426,./EyesDataset/002025.jpg,0
1427,./EyesDataset/000597.jpg,1
1428,./EyesDataset/003082.jpg,1
1429,./EyesDataset/003466.jpg,0
1430,./EyesDataset/001002.jpg,1
1431,./EyesDataset/003174.jpg,0
1432,./EyesDataset/000683.jpg,0
1433,./EyesDataset/001812.jpg,1
1434,./EyesDataset/003643.jpg,1
1435,./EyesDataset/000484.jpg,1
1436,./EyesDataset/001411.jpg,1
1437,./EyesDataset/001238.jpg,1
1438,./EyesDataset/003302.jpg,0
1439,./EyesDataset/003638.jpg,1
1440,./EyesDataset/002380.jpg,0
1441,./EyesDataset/002016.jpg,1
1442,./EyesDataset/003321.jpg,1
1443,./EyesDataset/001103.jpg,0
1444,./EyesDataset/001785.jpg,1
1445,./EyesDataset/003728.jpg,1
1446,./EyesDataset/002611.jpg,0
1447,./EyesDataset/002143.jpg,1
1448,./EyesDataset/002484.jpg,1
1449,./EyesDataset/001767.jpg,1
1450,./EyesDataset/001772.jpg,1
1451,./EyesDataset/001453.jpg,1
1452,./EyesDataset/001456.jpg,0
1453,./EyesDataset/003285.jpg,0
1454,./EyesDataset/000957.jpg,0
1455,./EyesDataset/000205.jpg,1
1456,./EyesDataset/000717.jpg,1
1457,./EyesDataset/002197.jpg,0
1458,./EyesDataset/000606.jpg,1
1459,./EyesDataset/002462.jpg,1
1460,./EyesDataset/003955.jpg,1
1461,./EyesDataset/002503.jpg,1
1462,./EyesDataset/002057.jpg,0
1463,./EyesDataset/003978.jpg,0
1464,./EyesDataset/003221.jpg,1
1465,./EyesDataset/000434.jpg,0
1466,./EyesDataset/002384.jpg,1
1467,./EyesDataset/001878.jpg,0
1468,./EyesDataset/000608.jpg,1
1469,./EyesDataset/001644.jpg,0
1470,./EyesDataset/001893.jpg,1
1471,./EyesDataset/001684.jpg,1
1472,./EyesDataset/001253.jpg,1
1473,./EyesDataset/002644.jpg,1
1474,./EyesDataset/001904.jpg,1
1475,./EyesDataset/002471.jpg,1
1476,./EyesDataset/002301.jpg,0
1477,./EyesDataset/001497.jpg,0
1478,./EyesDataset/001224.jpg,1
1479,./EyesDataset/001246.jpg,0
1480,./EyesDataset/001172.jpg,1
1481,./EyesDataset/003018.jpg,0
1482,./EyesDataset/003564.jpg,0
1483,./EyesDataset/001564.jpg,0
1484,./EyesDataset/001725.jpg,0
1485,./EyesDataset/000710.jpg,1
1486,./EyesDataset/000415.jpg,0
1487,./EyesDataset/000444.jpg,0
1488,./EyesDataset/002080.jpg,1
1489,./EyesDataset/001139.jpg,0
1490,./EyesDataset/002364.jpg,1
1491,./EyesDataset/001819.jpg,0
1492,./EyesDataset/000330.jpg,1
1493,./EyesDataset/002307.jpg,0
1494,./EyesDataset/000245.jpg,0
1495,./EyesDataset/001671.jpg,0
1496,./EyesDataset/001988.jpg,1
1497,./EyesDataset/003157.jpg,1
1498,./EyesDataset/002586.jpg,0
1499,./EyesDataset/002420.jpg,1
1500,./EyesDataset/003544.jpg,1
1501,./EyesDataset/000472.jpg,1
1502,./EyesDataset/003621.jpg,1
1503,./EyesDataset/000737.jpg,0
1504,./EyesDataset/000102.jpg,0
1505,./EyesDataset/003473.jpg,0
1506,./EyesDataset/001114.jpg,1
1507,./EyesDataset/003492.jpg,0
1508,./EyesDataset/001173.jpg,1
1509,./EyesDataset/002160.jpg,0
1510,./EyesDataset/003663.jpg,0
1511,./EyesDataset/002545.jpg,0
1512,./EyesDataset/000623.jpg,0
1513,./EyesDataset/003890.jpg,0
1514,./EyesDataset/002663.jpg,1
1515,./EyesDataset/000296.jpg,1
1516,./EyesDataset/001207.jpg,0
1517,./EyesDataset/000681.jpg,0
1518,./EyesDataset/000577.jpg,0
1519,./EyesDataset/000952.jpg,1
1520,./EyesDataset/000728.jpg,1
1521,./EyesDataset/001664.jpg,0
1522,./EyesDataset/001648.jpg,1
1523,./EyesDataset/003413.jpg,0
1524,./EyesDataset/001106.jpg,1
1525,./EyesDataset/001889.jpg,1
1526,./EyesDataset/000320.jpg,0
1527,./EyesDataset/001660.jpg,0
1528,./EyesDataset/000896.jpg,0
1529,./EyesDataset/002858.jpg,0
1530,./EyesDataset/000272.jpg,1
1531,./EyesDataset/003582.jpg,0
1532,./EyesDataset/003546.jpg,1
1533,./EyesDataset/003371.jpg,1
1534,./EyesDataset/000549.jpg,0
1535,./EyesDataset/003879.jpg,0
1536,./EyesDataset/001563.jpg,1
1537,./EyesDataset/003439.jpg,1
1538,./EyesDataset/003131.jpg,0
1539,./EyesDataset/002950.jpg,1
1540,./EyesDataset/002666.jpg,0
1541,./EyesDataset/003610.jpg,1
1542,./EyesDataset/000000.jpg,1
1543,./EyesDataset/000171.jpg,0
1544,./EyesDataset/002252.jpg,1
1545,./EyesDataset/000508.jpg,0
1546,./EyesDataset/000708.jpg,0
1547,./EyesDataset/003292.jpg,1
1548,./EyesDataset/000815.jpg,1
1549,./EyesDataset/000997.jpg,0
1550,./EyesDataset/002494.jpg,0
1551,./EyesDataset/003852.jpg,0
1552,./EyesDataset/001263.jpg,0
1553,./EyesDataset/001885.jpg,0
1554,./EyesDataset/000421.jpg,0
1555,./EyesDataset/001348.jpg,0
1556,./EyesDataset/001153.jpg,0
1557,./EyesDataset/002932.jpg,0
1558,./EyesDataset/002063.jpg,0
1559,./EyesDataset/000463.jpg,0
1560,./EyesDataset/003522.jpg,1
1561,./EyesDataset/002382.jpg,1
1562,./EyesDataset/000169.jpg,0
1563,./EyesDataset/002131.jpg,0
1564,./EyesDataset/002964.jpg,1
1565,./EyesDataset/003921.jpg,1
1566,./EyesDataset/001600.jpg,1
1567,./EyesDataset/002170.jpg,0
1568,./EyesDataset/001963.jpg,0
1569,./EyesDataset/000525.jpg,0
1570,./EyesDataset/001454.jpg,1
1571,./EyesDataset/001647.jpg,0
1572,./EyesDataset/002943.jpg,0
1573,./EyesDataset/003342.jpg,0
1574,./EyesDataset/003462.jpg,0
1575,./EyesDataset/000884.jpg,0
1576,./EyesDataset/003964.jpg,1
1577,./EyesDataset/000227.jpg,1
1578,./EyesDataset/000523.jpg,0
1579,./EyesDataset/000177.jpg,1
1580,./EyesDataset/001142.jpg,0
1581,./EyesDataset/001317.jpg,0
1582,./EyesDataset/003240.jpg,1
1583,./EyesDataset/000117.jpg,1
1584,./EyesDataset/002239.jpg,0
1585,./EyesDataset/003256.jpg,1
1586,./EyesDataset/001343.jpg,0
1587,./EyesDataset/002769.jpg,1
1588,./EyesDataset/000640.jpg,0
1589,./EyesDataset/003981.jpg,0
1590,./EyesDataset/003282.jpg,1
1591,./EyesDataset/000867.jpg,0
1592,./EyesDataset/002486.jpg,0
1593,./EyesDataset/000855.jpg,0
1594,./EyesDataset/002660.jpg,0
1595,./EyesDataset/002814.jpg,1
1596,./EyesDataset/003066.jpg,0
1597,./EyesDataset/003517.jpg,1
1598,./EyesDataset/002478.jpg,1
1599,./EyesDataset/001653.jpg,0
1600,./EyesDataset/001267.jpg,1
1601,./EyesDataset/000256.jpg,1
1602,./EyesDataset/002934.jpg,1
1603,./EyesDataset/000774.jpg,0
1604,./EyesDataset/002693.jpg,1
1605,./EyesDataset/002121.jpg,1
1606,./EyesDataset/000571.jpg,1
1607,./EyesDataset/003253.jpg,1
1608,./EyesDataset/003213.jpg,1
1609,./EyesDataset/000447.jpg,0
1610,./EyesDataset/002922.jpg,0
1611,./EyesDataset/002294.jpg,1
1612,./EyesDataset/003766.jpg,0
1613,./EyesDataset/001314.jpg,0
1614,./EyesDataset/000123.jpg,0
1615,./EyesDataset/000516.jpg,1
1616,./EyesDataset/002502.jpg,0
1617,./EyesDataset/000299.jpg,0
1618,./EyesDataset/001023.jpg,0
1619,./EyesDataset/002349.jpg,1
1620,./EyesDataset/003262.jpg,1
1621,./EyesDataset/002245.jpg,0
1622,./EyesDataset/000302.jpg,0
1623,./EyesDataset/003922.jpg,1
1624,./EyesDataset/002191.jpg,1
1625,./EyesDataset/001164.jpg,0
1626,./EyesDataset/003345.jpg,0
1627,./EyesDataset/001555.jpg,1
1628,./EyesDataset/001056.jpg,0
1629,./EyesDataset/003764.jpg,0
1630,./EyesDataset/003985.jpg,1
1631,./EyesDataset/000004.jpg,0
1632,./EyesDataset/000857.jpg,1
1633,./EyesDataset/002405.jpg,1
1634,./EyesDataset/000790.jpg,0
1635,./EyesDataset/002801.jpg,0
1636,./EyesDataset/000284.jpg,0
1637,./EyesDataset/001921.jpg,0
1638,./EyesDataset/000925.jpg,0
1639,./EyesDataset/001713.jpg,1
1640,./EyesDataset/000965.jpg,1
1641,./EyesDataset/001626.jpg,0
1642,./EyesDataset/002165.jpg,0
1643,./EyesDataset/000989.jpg,1
1644,./EyesDataset/002325.jpg,1
1645,./EyesDataset/002550.jpg,1
1646,./EyesDataset/000805.jpg,0
1647,./EyesDataset/001444.jpg,1
1648,./EyesDataset/000017.jpg,1
1649,./EyesDataset/003754.jpg,0
1650,./EyesDataset/000702.jpg,0
1651,./EyesDataset/001159.jpg,0
1652,./EyesDataset/002588.jpg,0
1653,./EyesDataset/001522.jpg,1
1654,./EyesDataset/000464.jpg,1
1655,./EyesDataset/000021.jpg,1
1656,./EyesDataset/000055.jpg,0
1657,./EyesDataset/001308.jpg,1
1658,./EyesDataset/002577.jpg,1
1659,./EyesDataset/003991.jpg,1
1660,./EyesDataset/001498.jpg,1
1661,./EyesDataset/001559.jpg,1
1662,./EyesDataset/001539.jpg,1
1663,./EyesDataset/003572.jpg,1
1664,./EyesDataset/001730.jpg,0
1665,./EyesDataset/001818.jpg,1
1666,./EyesDataset/000398.jpg,1
1667,./EyesDataset/001986.jpg,0
1668,./EyesDataset/001783.jpg,1
1669,./EyesDataset/003937.jpg,0
1670,./EyesDataset/003296.jpg,0
1671,./EyesDataset/000382.jpg,1
1672,./EyesDataset/000142.jpg,0
1673,./EyesDataset/003218.jpg,1
1674,./EyesDataset/001254.jpg,0
1675,./EyesDataset/001382.jpg,0
1676,./EyesDataset/003817.jpg,1
1677,./EyesDataset/003773.jpg,1
1678,./EyesDataset/003518.jpg,1
1679,./EyesDataset/000840.jpg,1
1680,./EyesDataset/001709.jpg,0
1681,./EyesDataset/000788.jpg,1
1682,./EyesDataset/003877.jpg,0
1683,./EyesDataset/003866.jpg,1
1684,./EyesDataset/003543.jpg,1
1685,./EyesDataset/001484.jpg,0
1686,./EyesDataset/002732.jpg,1
1687,./EyesDataset/003799.jpg,1
1688,./EyesDataset/001449.jpg,0
1689,./EyesDataset/002991.jpg,1
1690,./EyesDataset/003776.jpg,1
1691,./EyesDataset/002824.jpg,0
1692,./EyesDataset/000744.jpg,1
1693,./EyesDataset/001739.jpg,1
1694,./EyesDataset/003416.jpg,1
1695,./EyesDataset/000356.jpg,0
1696,./EyesDataset/003356.jpg,1
1697,./EyesDataset/000491.jpg,0
1698,./EyesDataset/000058.jpg,1
1699,./EyesDataset/001820.jpg,0
1700,./EyesDataset/002132.jpg,0
1701,./EyesDataset/002451.jpg,0
1702,./EyesDataset/001243.jpg,1
1703,./EyesDataset/000672.jpg,1
1704,./EyesDataset/003382.jpg,1
1705,./EyesDataset/002699.jpg,1
1706,./EyesDataset/003525.jpg,0
1707,./EyesDataset/001325.jpg,1
1708,./EyesDataset/003237.jpg,1
1709,./EyesDataset/003312.jpg,0
1710,./EyesDataset/001476.jpg,1
1711,./EyesDataset/003220.jpg,1
1712,./EyesDataset/002253.jpg,1
1713,./EyesDataset/001708.jpg,1
1714,./EyesDataset/000028.jpg,0
1715,./EyesDataset/002528.jpg,1
1716,./EyesDataset/000366.jpg,0
1717,./EyesDataset/002371.jpg,0
1718,./EyesDataset/003054.jpg,0
1719,./EyesDataset/000522.jpg,0
1720,./EyesDataset/003211.jpg,0
1721,./EyesDataset/000808.jpg,1
1722,./EyesDataset/001297.jpg,1
1723,./EyesDataset/002976.jpg,1
1724,./EyesDataset/000268.jpg,1
1725,./EyesDataset/002955.jpg,0
1726,./EyesDataset/001446.jpg,1
1727,./EyesDataset/002485.jpg,0
1728,./EyesDataset/002547.jpg,1
1729,./EyesDataset/003563.jpg,1
1730,./EyesDataset/001697.jpg,0
1731,./EyesDataset/000059.jpg,1
1732,./EyesDataset/000979.jpg,0
1733,./EyesDataset/001520.jpg,1
1734,./EyesDataset/003880.jpg,1
1735,./EyesDataset/002927.jpg,0
1736,./EyesDataset/002655.jpg,1
1737,./EyesDataset/001450.jpg,1
1738,./EyesDataset/000011.jpg,1
1739,./EyesDataset/001830.jpg,1
1740,./EyesDataset/001414.jpg,1
1741,./EyesDataset/002039.jpg,0
1742,./EyesDataset/003090.jpg,0
1743,./EyesDataset/001594.jpg,1
1744,./EyesDataset/003709.jpg,0
1745,./EyesDataset/003647.jpg,0
1746,./EyesDataset/003949.jpg,0
1747,./EyesDataset/000895.jpg,1
1748,./EyesDataset/000916.jpg,0
1749,./EyesDataset/003194.jpg,0
1750,./EyesDataset/002255.jpg,1
1751,./EyesDataset/003381.jpg,1
1752,./EyesDataset/000033.jpg,1
1753,./EyesDataset/001244.jpg,1
1754,./EyesDataset/001102.jpg,1
1755,./EyesDataset/001120.jpg,1
1756,./EyesDataset/000698.jpg,1
1757,./EyesDataset/000758.jpg,0
1758,./EyesDataset/003825.jpg,0
1759,./EyesDataset/003047.jpg,1
1760,./EyesDataset/000471.jpg,0
1761,./EyesDataset/002078.jpg,1
1762,./EyesDataset/003566.jpg,1
1763,./EyesDataset/003001.jpg,1
1764,./EyesDataset/001158.jpg,1
1765,./EyesDataset/001095.jpg,1
1766,./EyesDataset/002899.jpg,0
1767,./EyesDataset/003541.jpg,1
1768,./EyesDataset/002017.jpg,0
1769,./EyesDataset/003794.jpg,0
1770,./EyesDataset/001364.jpg,0
1771,./EyesDataset/001780.jpg,1
1772,./EyesDataset/002108.jpg,1
1773,./EyesDataset/001770.jpg,0
1774,./EyesDataset/003840.jpg,1
1775,./EyesDataset/000612.jpg,1
1776,./EyesDataset/001943.jpg,0
1777,./EyesDataset/000700.jpg,1
1778,./EyesDataset/001208.jpg,0
1779,./EyesDataset/002971.jpg,1
1780,./EyesDataset/003613.jpg,0
1781,./EyesDataset/003434.jpg,1
1782,./EyesDataset/003967.jpg,0
1783,./EyesDataset/002154.jpg,1
1784,./EyesDataset/003705.jpg,0
1785,./EyesDataset/003898.jpg,0
1786,./EyesDataset/002358.jpg,1
1787,./EyesDataset/001138.jpg,0
1788,./EyesDataset/000506.jpg,1
1789,./EyesDataset/000528.jpg,0
1790,./EyesDataset/003036.jpg,0
1791,./EyesDataset/000316.jpg,1
1792,./EyesDataset/001162.jpg,0
1793,./EyesDataset/002189.jpg,1
1794,./EyesDataset/000532.jpg,1
1795,./EyesDataset/001577.jpg,0
1796,./EyesDataset/001302.jpg,0
1797,./EyesDataset/000599.jpg,0
1798,./EyesDataset/001342.jpg,1
1799,./EyesDataset/002026.jpg,0
1800,./EyesDataset/000779.jpg,1
1801,./EyesDataset/000892.jpg,0
1802,./EyesDataset/002404.jpg,0
1803,./EyesDataset/001283.jpg,0
1804,./EyesDataset/002297.jpg,1
1805,./EyesDataset/002123.jpg,0
1806,./EyesDataset/003598.jpg,1
1807,./EyesDataset/001213.jpg,1
1808,./EyesDataset/001638.jpg,0
1809,./EyesDataset/001948.jpg,0
1810,./EyesDataset/003004.jpg,1
1811,./EyesDataset/000139.jpg,1
1812,./EyesDataset/003493.jpg,0
1813,./EyesDataset/000694.jpg,0
1814,./EyesDataset/000537.jpg,1
1815,./EyesDataset/001107.jpg,1
1816,./EyesDataset/003789.jpg,1
1817,./EyesDataset/000152.jpg,0
1818,./EyesDataset/000168.jpg,0
1819,./EyesDataset/001601.jpg,0
1820,./EyesDataset/000410.jpg,1
1821,./EyesDataset/002712.jpg,0
1822,./EyesDataset/003154.jpg,1
1823,./EyesDataset/000226.jpg,0
1824,./EyesDataset/003389.jpg,1
1825,./EyesDataset/001906.jpg,1
1826,./EyesDataset/000733.jpg,1
1827,./EyesDataset/001481.jpg,1
1828,./EyesDataset/002791.jpg,1
1829,./EyesDataset/001994.jpg,0
1830,./EyesDataset/001723.jpg,1
1831,./EyesDataset/003006.jpg,1
1832,./EyesDataset/000598.jpg,0
1833,./EyesDataset/001985.jpg,0
1834,./EyesDataset/002882.jpg,1
1835,./EyesDataset/003777.jpg,0
1836,./EyesDataset/000362.jpg,1
1837,./EyesDataset/003017.jpg,1
1838,./EyesDataset/000695.jpg,0
1839,./EyesDataset/000720.jpg,0
1840,./EyesDataset/002464.jpg,1
1841,./EyesDataset/003073.jpg,0
1842,./EyesDataset/003900.jpg,0
1843,./EyesDataset/001797.jpg,1
1844,./EyesDataset/002536.jpg,1
1845,./EyesDataset/002549.jpg,0
1846,./EyesDataset/002433.jpg,1
1847,./EyesDataset/003875.jpg,0
1848,./EyesDataset/003784.jpg,0
1849,./EyesDataset/002629.jpg,1
1850,./EyesDataset/002054.jpg,1
1851,./EyesDataset/003278.jpg,0
1852,./EyesDataset/000101.jpg,0
1853,./EyesDataset/003561.jpg,1
1854,./EyesDataset/002933.jpg,1
1855,./EyesDataset/003762.jpg,0
1856,./EyesDataset/002609.jpg,1
1857,./EyesDataset/000209.jpg,1
1858,./EyesDataset/002454.jpg,0
1859,./EyesDataset/002721.jpg,0
1860,./EyesDataset/001203.jpg,1
1861,./EyesDataset/001938.jpg,1
1862,./EyesDataset/001442.jpg,0
1863,./EyesDataset/001618.jpg,1
1864,./EyesDataset/003708.jpg,0
1865,./EyesDataset/001167.jpg,1
1866,./EyesDataset/002102.jpg,1
1867,./EyesDataset/001914.jpg,0
1868,./EyesDataset/001233.jpg,1
1869,./EyesDataset/002136.jpg,1
1870,./EyesDataset/001371.jpg,1
1871,./EyesDataset/003701.jpg,0
1872,./EyesDataset/003652.jpg,1
1873,./EyesDataset/003005.jpg,1
1874,./EyesDataset/001313.jpg,1
1875,./EyesDataset/003315.jpg,0
1876,./EyesDataset/000726.jpg,0
1877,./EyesDataset/001078.jpg,1
1878,./EyesDataset/002314.jpg,1
1879,./EyesDataset/003241.jpg,0
1880,./EyesDataset/000846.jpg,1
1881,./EyesDataset/003205.jpg,0
1882,./EyesDataset/002776.jpg,1
1883,./EyesDataset/000820.jpg,0
1884,./EyesDataset/003586.jpg,1
1885,./EyesDataset/001599.jpg,0
1886,./EyesDataset/000893.jpg,1
1887,./EyesDataset/001658.jpg,0
1888,./EyesDataset/003472.jpg,0
1889,./EyesDataset/002599.jpg,0
1890,./EyesDataset/000994.jpg,0
1891,./EyesDataset/001915.jpg,0
1892,./EyesDataset/000691.jpg,0
1893,./EyesDataset/003134.jpg,1
1894,./EyesDataset/003845.jpg,0
1895,./EyesDataset/003858.jpg,1
1896,./EyesDataset/002755.jpg,1
1897,./EyesDataset/001300.jpg,1
1898,./EyesDataset/000155.jpg,1
1899,./EyesDataset/000964.jpg,0
1900,./EyesDataset/001560.jpg,1
1901,./EyesDataset/003542.jpg,0
1902,./EyesDataset/003233.jpg,0
1903,./EyesDataset/003201.jpg,0
1904,./EyesDataset/002477.jpg,1
1905,./EyesDataset/001999.jpg,0
1906,./EyesDataset/001320.jpg,1
1907,./EyesDataset/001470.jpg,1
1908,./EyesDataset/002752.jpg,0
1909,./EyesDataset/001218.jpg,0
1910,./EyesDataset/002875.jpg,0
1911,./EyesDataset/001047.jpg,1
1912,./EyesDataset/001250.jpg,1
1913,./EyesDataset/000468.jpg,1
1914,./EyesDataset/001834.jpg,0
1915,./EyesDataset/003524.jpg,1
1916,./EyesDataset/002620.jpg,0
1917,./EyesDataset/001406.jpg,0
1918,./EyesDataset/000404.jpg,1
1919,./EyesDataset/002818.jpg,1
1920,./EyesDataset/001178.jpg,0
1921,./EyesDataset/002163.jpg,1
1922,./EyesDataset/003012.jpg,1
1923,./EyesDataset/001140.jpg,0
1924,./EyesDataset/002220.jpg,1
1925,./EyesDataset/003772.jpg,0
1926,./EyesDataset/003441.jpg,1
1927,./EyesDataset/003257.jpg,1
1928,./EyesDataset/002004.jpg,1
1929,./EyesDataset/001975.jpg,1
1930,./EyesDataset/003456.jpg,1
1931,./EyesDataset/001580.jpg,0
1932,./EyesDataset/000390.jpg,1
1933,./EyesDataset/002399.jpg,1
1934,./EyesDataset/003800.jpg,0
1935,./EyesDataset/003694.jpg,0
1936,./EyesDataset/003699.jpg,1
1937,./EyesDataset/002312.jpg,1
1938,./EyesDataset/000947.jpg,0
1939,./EyesDataset/000107.jpg,1
1940,./EyesDataset/002101.jpg,1
1941,./EyesDataset/003948.jpg,0
1942,./EyesDataset/003559.jpg,1
1943,./EyesDataset/002511.jpg,1
1944,./EyesDataset/003117.jpg,1
1945,./EyesDataset/000772.jpg,1
1946,./EyesDataset/001003.jpg,0
1947,./EyesDataset/000051.jpg,1
1948,./EyesDataset/002810.jpg,1
1949,./EyesDataset/001352.jpg,1
1950,./EyesDataset/003502.jpg,1
1951,./EyesDataset/002204.jpg,1
1952,./EyesDataset/003051.jpg,1
1953,./EyesDataset/000814.jpg,1
1954,./EyesDataset/001063.jpg,1
1955,./EyesDataset/001349.jpg,1
1956,./EyesDataset/000331.jpg,0
1957,./EyesDataset/001971.jpg,1
1958,./EyesDataset/003841.jpg,0
1959,./EyesDataset/000305.jpg,1
1960,./EyesDataset/003849.jpg,0
1961,./EyesDataset/001836.jpg,1
1962,./EyesDataset/001933.jpg,0
1963,./EyesDataset/003432.jpg,0
1964,./EyesDataset/000942.jpg,1
1965,./EyesDataset/000261.jpg,1
1966,./EyesDataset/001646.jpg,1
1967,./EyesDataset/003687.jpg,0
1968,./EyesDataset/002444.jpg,1
1969,./EyesDataset/001802.jpg,0
1970,./EyesDataset/000647.jpg,1
1971,./EyesDataset/001424.jpg,1
1972,./EyesDataset/003719.jpg,1
1973,./EyesDataset/002896.jpg,1
1974,./EyesDataset/002852.jpg,1
1975,./EyesDataset/002554.jpg,1
1976,./EyesDataset/002293.jpg,1
1977,./EyesDataset/001554.jpg,0
1978,./EyesDataset/000861.jpg,0
1979,./EyesDataset/000250.jpg,0
1980,./EyesDataset/003224.jpg,1
1981,./EyesDataset/002921.jpg,0
1982,./EyesDataset/003365.jpg,0
1983,./EyesDataset/000670.jpg,1
1984,./EyesDataset/003908.jpg,0
1985,./EyesDataset/000557.jpg,0
1986,./EyesDataset/003372.jpg,0
1987,./EyesDataset/002658.jpg,0
1988,./EyesDataset/003029.jpg,0
1989,./EyesDataset/001291.jpg,0
1990,./EyesDataset/002254.jpg,1
1991,./EyesDataset/002488.jpg,1
1992,./EyesDataset/002394.jpg,0
1993,./EyesDataset/002600.jpg,1
1994,./EyesDataset/002595.jpg,0
1995,./EyesDataset/003761.jpg,1
1996,./EyesDataset/003581.jpg,1
1997,./EyesDataset/003393.jpg,1
1998,./EyesDataset/001152.jpg,0
1999,./EyesDataset/001170.jpg,0
2000,./EyesDataset/000278.jpg,0
2001,./EyesDataset/002652.jpg,1
2002,./EyesDataset/002361.jpg,0
2003,./EyesDataset/001206.jpg,1
2004,./EyesDataset/000631.jpg,1
2005,./EyesDataset/000439.jpg,1
2006,./EyesDataset/001579.jpg,1
2007,./EyesDataset/000888.jpg,0
2008,./EyesDataset/000633.jpg,1
2009,./EyesDataset/001278.jpg,1
2010,./EyesDataset/003590.jpg,1
2011,./EyesDataset/003225.jpg,0
2012,./EyesDataset/002552.jpg,1
2013,./EyesDataset/001898.jpg,0
2014,./EyesDataset/001084.jpg,1
2015,./EyesDataset/000180.jpg,1
2016,./EyesDataset/002266.jpg,0
2017,./EyesDataset/003910.jpg,1
2018,./EyesDataset/002008.jpg,0
2019,./EyesDataset/000652.jpg,1
2020,./EyesDataset/000536.jpg,0
2021,./EyesDataset/001509.jpg,1
2022,./EyesDataset/003666.jpg,1
2023,./EyesDataset/003065.jpg,0
2024,./EyesDataset/001129.jpg,1
2025,./EyesDataset/002442.jpg,0
2026,./EyesDataset/000405.jpg,1
2027,./EyesDataset/000297.jpg,0
2028,./EyesDataset/001234.jpg,1
2029,./EyesDataset/000475.jpg,0
2030,./EyesDataset/000923.jpg,0
2031,./EyesDataset/001811.jpg,0
2032,./EyesDataset/003075.jpg,1
2033,./EyesDataset/000397.jpg,1
2034,./EyesDataset/000826.jpg,0
2035,./EyesDataset/001274.jpg,1
2036,./EyesDataset/001615.jpg,1
2037,./EyesDataset/001888.jpg,1
2038,./EyesDataset/002274.jpg,0
2039,./EyesDataset/002211.jpg,1
2040,./EyesDataset/000381.jpg,0
2041,./EyesDataset/001483.jpg,0
2042,./EyesDataset/001613.jpg,1
2043,./EyesDataset/003158.jpg,1
2044,./EyesDataset/001504.jpg,1
2045,./EyesDataset/002090.jpg,0
2046,./EyesDataset/001969.jpg,0
2047,./EyesDataset/003871.jpg,0
2048,./EyesDataset/001097.jpg,1
2049,./EyesDataset/002904.jpg,1
2050,./EyesDataset/003388.jpg,0
2051,./EyesDataset/001547.jpg,0
2052,./EyesDataset/000696.jpg,1
2053,./EyesDataset/000080.jpg,1
2054,./EyesDataset/003992.jpg,1
2055,./EyesDataset/001733.jpg,1
2056,./EyesDataset/003234.jpg,0
2057,./EyesDataset/003752.jpg,0
2058,./EyesDataset/003920.jpg,1
2059,./EyesDataset/002372.jpg,0
2060,./EyesDataset/003215.jpg,1
2061,./EyesDataset/000135.jpg,1
2062,./EyesDataset/003804.jpg,1
2063,./EyesDataset/002064.jpg,0
2064,./EyesDataset/002889.jpg,0
2065,./EyesDataset/001271.jpg,0
2066,./EyesDataset/000146.jpg,1
2067,./EyesDataset/000629.jpg,1
2068,./EyesDataset/002030.jpg,0
2069,./EyesDataset/003465.jpg,0
2070,./EyesDataset/001758.jpg,0
2071,./EyesDataset/000914.jpg,1
2072,./EyesDataset/002597.jpg,0
2073,./EyesDataset/002542.jpg,1
2074,./EyesDataset/000418.jpg,0
2075,./EyesDataset/003284.jpg,0
2076,./EyesDataset/003175.jpg,1
2077,./EyesDataset/001686.jpg,1
2078,./EyesDataset/000271.jpg,1
2079,./EyesDataset/001803.jpg,0
2080,./EyesDataset/002694.jpg,1
2081,./EyesDataset/002031.jpg,1
2082,./EyesDataset/000639.jpg,1
2083,./EyesDataset/001043.jpg,1
2084,./EyesDataset/000793.jpg,1
2085,./EyesDataset/002708.jpg,1
2086,./EyesDataset/001663.jpg,1
2087,./EyesDataset/001405.jpg,0
2088,./EyesDataset/003651.jpg,1
2089,./EyesDataset/000856.jpg,1
2090,./EyesDataset/001165.jpg,1
2091,./EyesDataset/000453.jpg,1
2092,./EyesDataset/003615.jpg,1
2093,./EyesDataset/001465.jpg,1
2094,./EyesDataset/003822.jpg,1
2095,./EyesDataset/003180.jpg,0
2096,./EyesDataset/000949.jpg,1
2097,./EyesDataset/000968.jpg,1
2098,./EyesDataset/000584.jpg,1
2099,./EyesDataset/002198.jpg,1
2100,./EyesDataset/000082.jpg,0
2101,./EyesDataset/002857.jpg,0
2102,./EyesDataset/000340.jpg,0
2103,./EyesDataset/003715.jpg,0
2104,./EyesDataset/001616.jpg,1
2105,./EyesDataset/003943.jpg,1
2106,./EyesDataset/000346.jpg,0
2107,./EyesDataset/003410.jpg,0
2108,./EyesDataset/001438.jpg,1
2109,./EyesDataset/003350.jpg,0
2110,./EyesDataset/002640.jpg,1
2111,./EyesDataset/002231.jpg,0
2112,./EyesDataset/003322.jpg,1
2113,./EyesDataset/001459.jpg,1
2114,./EyesDataset/003125.jpg,1
2115,./EyesDataset/000290.jpg,0
2116,./EyesDataset/003124.jpg,1
2117,./EyesDataset/001222.jpg,1
2118,./EyesDataset/000800.jpg,0
2119,./EyesDataset/001544.jpg,0
2120,./EyesDataset/000258.jpg,1
2121,./EyesDataset/003098.jpg,1
2122,./EyesDataset/002513.jpg,1
2123,./EyesDataset/003403.jpg,0
2124,./EyesDataset/003657.jpg,0
2125,./EyesDataset/002935.jpg,0
2126,./EyesDataset/000654.jpg,1
2127,./EyesDataset/002650.jpg,0
2128,./EyesDataset/003431.jpg,1
2129,./EyesDataset/001551.jpg,0
2130,./EyesDataset/003700.jpg,0
2131,./EyesDataset/001881.jpg,1
2132,./EyesDataset/002157.jpg,1
2133,./EyesDataset/001428.jpg,0
2134,./EyesDataset/001303.jpg,1
2135,./EyesDataset/000486.jpg,0
2136,./EyesDataset/003421.jpg,0
2137,./EyesDataset/000175.jpg,1
2138,./EyesDataset/002596.jpg,1
2139,./EyesDataset/000039.jpg,0
2140,./EyesDataset/001777.jpg,1
2141,./EyesDataset/002040.jpg,0
2142,./EyesDataset/001523.jpg,0
2143,./EyesDataset/002460.jpg,1
2144,./EyesDataset/002073.jpg,0
2145,./EyesDataset/000836.jpg,0
2146,./EyesDataset/001512.jpg,0
2147,./EyesDataset/003650.jpg,0
2148,./EyesDataset/001384.jpg,0
2149,./EyesDataset/001765.jpg,0
2150,./EyesDataset/000630.jpg,1
2151,./EyesDataset/001829.jpg,1
2152,./EyesDataset/002533.jpg,1
2153,./EyesDataset/002979.jpg,1
2154,./EyesDataset/000446.jpg,0
2155,./EyesDataset/000753.jpg,0
2156,./EyesDataset/003143.jpg,0
2157,./EyesDataset/002419.jpg,1
2158,./EyesDataset/000375.jpg,1
2159,./EyesDataset/002100.jpg,0
2160,./EyesDataset/001654.jpg,0
2161,./EyesDataset/002171.jpg,0
2162,./EyesDataset/000114.jpg,1
2163,./EyesDataset/002148.jpg,0
2164,./EyesDataset/002982.jpg,1
2165,./EyesDataset/003721.jpg,0
2166,./EyesDataset/003646.jpg,1
2167,./EyesDataset/001634.jpg,1
2168,./EyesDataset/000705.jpg,1
2169,./EyesDataset/001927.jpg,1
2170,./EyesDataset/003689.jpg,1
2171,./EyesDataset/001169.jpg,1
2172,./EyesDataset/001245.jpg,0
2173,./EyesDataset/000125.jpg,1
2174,./EyesDataset/003107.jpg,0
2175,./EyesDataset/003231.jpg,0
2176,./EyesDataset/002688.jpg,0
2177,./EyesDataset/002672.jpg,1
2178,./EyesDataset/002949.jpg,1
2179,./EyesDataset/000189.jpg,0
2180,./EyesDataset/000905.jpg,1
2181,./EyesDataset/002637.jpg,0
2182,./EyesDataset/001700.jpg,1
2183,./EyesDataset/001537.jpg,0
2184,./EyesDataset/000361.jpg,0
2185,./EyesDataset/002994.jpg,0
2186,./EyesDataset/001940.jpg,1
2187,./EyesDataset/001420.jpg,0
2188,./EyesDataset/003331.jpg,1
2189,./EyesDataset/003488.jpg,0
2190,./EyesDataset/000062.jpg,0
2191,./EyesDataset/003656.jpg,1
2192,./EyesDataset/002501.jpg,1
2193,./EyesDataset/003523.jpg,0
2194,./EyesDataset/000479.jpg,1
2195,./EyesDataset/002534.jpg,1
2196,./EyesDataset/002654.jpg,0
2197,./EyesDataset/002393.jpg,0
2198,./EyesDataset/001051.jpg,0
2199,./EyesDataset/003377.jpg,0
2200,./EyesDataset/001430.jpg,0
2201,./EyesDataset/002105.jpg,0
2202,./EyesDataset/002946.jpg,0
2203,./EyesDataset/002449.jpg,0
2204,./EyesDataset/002225.jpg,1
2205,./EyesDataset/000206.jpg,0
2206,./EyesDataset/001416.jpg,0
2207,./EyesDataset/002089.jpg,1
2208,./EyesDataset/001852.jpg,1
2209,./EyesDataset/003254.jpg,1
2210,./EyesDataset/003281.jpg,0
2211,./EyesDataset/000112.jpg,0
2212,./EyesDataset/003645.jpg,1
2213,./EyesDataset/001055.jpg,0
2214,./EyesDataset/001745.jpg,0
2215,./EyesDataset/003658.jpg,0
2216,./EyesDataset/002461.jpg,1
2217,./EyesDataset/001437.jpg,0
2218,./EyesDataset/001309.jpg,1
2219,./EyesDataset/003289.jpg,0
2220,./EyesDataset/001182.jpg,1
2221,./EyesDataset/001447.jpg,0
2222,./EyesDataset/002495.jpg,0
2223,./EyesDataset/002272.jpg,0
2224,./EyesDataset/003375.jpg,0
2225,./EyesDataset/000601.jpg,1
2226,./EyesDataset/002119.jpg,0
2227,./EyesDataset/003861.jpg,1
2228,./EyesDataset/001480.jpg,1
2229,./EyesDataset/002567.jpg,1
2230,./EyesDataset/000678.jpg,0
2231,./EyesDataset/002978.jpg,1
2232,./EyesDataset/002836.jpg,1
2233,./EyesDataset/003831.jpg,0
2234,./EyesDataset/003169.jpg,0
2235,./EyesDataset/001035.jpg,1
2236,./EyesDataset/001651.jpg,0
2237,./EyesDataset/002369.jpg,1
2238,./EyesDataset/002738.jpg,0
2239,./EyesDataset/002895.jpg,0
2240,./EyesDataset/000335.jpg,1
2241,./EyesDataset/001691.jpg,1
2242,./EyesDataset/003217.jpg,0
2243,./EyesDataset/001932.jpg,0
2244,./EyesDataset/003015.jpg,0
2245,./EyesDataset/000618.jpg,0
2246,./EyesDataset/001510.jpg,1
2247,./EyesDataset/001163.jpg,0
2248,./EyesDataset/002186.jpg,1
2249,./EyesDataset/003952.jpg,1
2250,./EyesDataset/003008.jpg,0
2251,./EyesDataset/000424.jpg,0
2252,./EyesDataset/003734.jpg,0
2253,./EyesDataset/001875.jpg,0
2254,./EyesDataset/001873.jpg,1
2255,./EyesDataset/001543.jpg,1
2256,./EyesDataset/003053.jpg,1
2257,./EyesDataset/003986.jpg,1
2258,./EyesDataset/003919.jpg,1
2259,./EyesDataset/003464.jpg,1
2260,./EyesDataset/001369.jpg,0
2261,./EyesDataset/000848.jpg,0
2262,./EyesDataset/000842.jpg,0
2263,./EyesDataset/001979.jpg,0
2264,./EyesDataset/002940.jpg,1
2265,./EyesDataset/002480.jpg,0
2266,./EyesDataset/002786.jpg,1
2267,./EyesDataset/002302.jpg,1
2268,./EyesDataset/002565.jpg,0
2269,./EyesDataset/003820.jpg,1
2270,./EyesDataset/002762.jpg,1
2271,./EyesDataset/001366.jpg,0
2272,./EyesDataset/002149.jpg,1
2273,./EyesDataset/002120.jpg,0
2274,./EyesDataset/003402.jpg,1
2275,./EyesDataset/003521.jpg,1
2276,./EyesDataset/000823.jpg,1
2277,./EyesDataset/000673.jpg,0
2278,./EyesDataset/001678.jpg,1
2279,./EyesDataset/000499.jpg,1
2280,./EyesDataset/002646.jpg,1
2281,./EyesDataset/001007.jpg,1
2282,./EyesDataset/001239.jpg,0
2283,./EyesDataset/001883.jpg,0
2284,./EyesDataset/001598.jpg,1
2285,./EyesDataset/000262.jpg,1
2286,./EyesDataset/003242.jpg,0
2287,./EyesDataset/002926.jpg,1
2288,./EyesDataset/000348.jpg,0
2289,./EyesDataset/003753.jpg,0
2290,./EyesDataset/000948.jpg,0
2291,./EyesDataset/000803.jpg,0
2292,./EyesDataset/001403.jpg,1
2293,./EyesDataset/001518.jpg,1
2294,./EyesDataset/000531.jpg,1
2295,./EyesDataset/000157.jpg,1
2296,./EyesDataset/000229.jpg,0
2297,./EyesDataset/002150.jpg,0
2298,./EyesDataset/003298.jpg,1
2299,./EyesDataset/000969.jpg,0
2300,./EyesDataset/002407.jpg,0
2301,./EyesDataset/000818.jpg,0
2302,./EyesDataset/002368.jpg,1
2303,./EyesDataset/001631.jpg,1
2304,./EyesDataset/003279.jpg,0
2305,./EyesDataset/002751.jpg,1
2306,./EyesDataset/002704.jpg,0
2307,./EyesDataset/003682.jpg,1
2308,./EyesDataset/003533.jpg,0
2309,./EyesDataset/002313.jpg,0
2310,./EyesDataset/000748.jpg,1
2311,./EyesDataset/000777.jpg,1
2312,./EyesDataset/002311.jpg,1
2313,./EyesDataset/001236.jpg,0
2314,./EyesDataset/002201.jpg,0
2315,./EyesDataset/000211.jpg,0
2316,./EyesDataset/002116.jpg,0
2317,./EyesDataset/002397.jpg,0
2318,./EyesDataset/001010.jpg,0
2319,./EyesDataset/001479.jpg,0
2320,./EyesDataset/001161.jpg,1
2321,./EyesDataset/000664.jpg,1
2322,./EyesDataset/000785.jpg,0
2323,./EyesDataset/003554.jpg,0
2324,./EyesDataset/003876.jpg,0
2325,./EyesDataset/003192.jpg,0
2326,./EyesDataset/001199.jpg,1
2327,./EyesDataset/003129.jpg,0
2328,./EyesDataset/002667.jpg,1
2329,./EyesDataset/000977.jpg,1
2330,./EyesDataset/002155.jpg,0
2331,./EyesDataset/002571.jpg,0
2332,./EyesDataset/001636.jpg,0
2333,./EyesDataset/000183.jpg,1
2334,./EyesDataset/002317.jpg,1
2335,./EyesDataset/001217.jpg,0
2336,./EyesDataset/002168.jpg,1
2337,./EyesDataset/001746.jpg,0
2338,./EyesDataset/002884.jpg,1
2339,./EyesDataset/003508.jpg,1
2340,./EyesDataset/002945.jpg,0
2341,./EyesDataset/003250.jpg,0
2342,./EyesDataset/002206.jpg,0
2343,./EyesDataset/000862.jpg,1
2344,./EyesDataset/003068.jpg,1
2345,./EyesDataset/000761.jpg,1
2346,./EyesDataset/000465.jpg,1
2347,./EyesDataset/000881.jpg,0
2348,./EyesDataset/001400.jpg,0
2349,./EyesDataset/000085.jpg,0
2350,./EyesDataset/001535.jpg,0
2351,./EyesDataset/001920.jpg,0
2352,./EyesDataset/000560.jpg,1
2353,./EyesDataset/001423.jpg,1
2354,./EyesDataset/000538.jpg,1
2355,./EyesDataset/001394.jpg,0
2356,./EyesDataset/001409.jpg,1
2357,./EyesDataset/003733.jpg,0
2358,./EyesDataset/000239.jpg,1
2359,./EyesDataset/001672.jpg,1
2360,./EyesDataset/001354.jpg,1
2361,./EyesDataset/002665.jpg,1
2362,./EyesDataset/003475.jpg,0
2363,./EyesDataset/001973.jpg,0
2364,./EyesDataset/001903.jpg,0
2365,./EyesDataset/001970.jpg,0
2366,./EyesDataset/002087.jpg,0
2367,./EyesDataset/002845.jpg,1
2368,./EyesDataset/002854.jpg,1
2369,./EyesDataset/003059.jpg,0
2370,./EyesDataset/003918.jpg,1
2371,./EyesDataset/001210.jpg,0
2372,./EyesDataset/001627.jpg,0
2373,./EyesDataset/000343.jpg,0
2374,./EyesDataset/000365.jpg,1
2375,./EyesDataset/000636.jpg,0
2376,./EyesDataset/003854.jpg,1
2377,./EyesDataset/001496.jpg,0
2378,./EyesDataset/001557.jpg,0
2379,./EyesDataset/003033.jpg,0
2380,./EyesDataset/002224.jpg,1
2381,./EyesDataset/000766.jpg,1
2382,./EyesDataset/001789.jpg,1
2383,./EyesDataset/001588.jpg,1
2384,./EyesDataset/001211.jpg,1
2385,./EyesDataset/003499.jpg,0
2386,./EyesDataset/000246.jpg,1
2387,./EyesDataset/001331.jpg,1
2388,./EyesDataset/001131.jpg,0
2389,./EyesDataset/000929.jpg,1
2390,./EyesDataset/002886.jpg,0
2391,./EyesDataset/003477.jpg,1
2392,./EyesDataset/002504.jpg,0
2393,./EyesDataset/000367.jpg,0
2394,./EyesDataset/001014.jpg,1
2395,./EyesDataset/001578.jpg,0
2396,./EyesDataset/001694.jpg,1
2397,./EyesDataset/003482.jpg,1
2398,./EyesDataset/002560.jpg,0
2399,./EyesDataset/003130.jpg,0
2400,./EyesDataset/002115.jpg,1
2401,./EyesDataset/003735.jpg,1
2402,./EyesDataset/003680.jpg,1
2403,./EyesDataset/003863.jpg,1
2404,./EyesDataset/001209.jpg,0
2405,./EyesDataset/002985.jpg,1
2406,./EyesDataset/000515.jpg,1
2407,./EyesDataset/003378.jpg,0
2408,./EyesDataset/000529.jpg,1
2409,./EyesDataset/000875.jpg,0
2410,./EyesDataset/002529.jpg,0
2411,./EyesDataset/002916.jpg,0
2412,./EyesDataset/000369.jpg,1
2413,./EyesDataset/003897.jpg,1
2414,./EyesDataset/001288.jpg,1
2415,./EyesDataset/000220.jpg,0
2416,./EyesDataset/002316.jpg,1
2417,./EyesDataset/003271.jpg,1
2418,./EyesDataset/000195.jpg,1
2419,./EyesDataset/003956.jpg,1
2420,./EyesDataset/000179.jpg,0
2421,./EyesDataset/000723.jpg,1
2422,./EyesDataset/001407.jpg,0
2423,./EyesDataset/003591.jpg,0
2424,./EyesDataset/000561.jpg,1
2425,./EyesDataset/002561.jpg,0
2426,./EyesDataset/000433.jpg,0
2427,./EyesDataset/002664.jpg,1
2428,./EyesDataset/000160.jpg,1
2429,./EyesDataset/000625.jpg,1
2430,./EyesDataset/000789.jpg,0
2431,./EyesDataset/002086.jpg,0
2432,./EyesDataset/000739.jpg,0
2433,./EyesDataset/000106.jpg,0
2434,./EyesDataset/002345.jpg,1
2435,./EyesDataset/000430.jpg,0
2436,./EyesDataset/002292.jpg,1
2437,./EyesDataset/000493.jpg,0
2438,./EyesDataset/002617.jpg,1
2439,./EyesDataset/000660.jpg,1
2440,./EyesDataset/000120.jpg,0
2441,./EyesDataset/003412.jpg,1
2442,./EyesDataset/003095.jpg,0
2443,./EyesDataset/002589.jpg,0
2444,./EyesDataset/001367.jpg,1
2445,./EyesDataset/000289.jpg,1
2446,./EyesDataset/003369.jpg,1
2447,./EyesDataset/003758.jpg,0
2448,./EyesDataset/002457.jpg,0
2449,./EyesDataset/000196.jpg,1
2450,./EyesDataset/002424.jpg,1
2451,./EyesDataset/001972.jpg,1
2452,./EyesDataset/002837.jpg,1
2453,./EyesDataset/000781.jpg,1
2454,./EyesDataset/000564.jpg,0
2455,./EyesDataset/002362.jpg,0
2456,./EyesDataset/001870.jpg,0
2457,./EyesDataset/002653.jpg,0
2458,./EyesDataset/002800.jpg,0
2459,./EyesDataset/003123.jpg,1
2460,./EyesDataset/000263.jpg,1
2461,./EyesDataset/000285.jpg,1
2462,./EyesDataset/001609.jpg,0
2463,./EyesDataset/001057.jpg,0
2464,./EyesDataset/001935.jpg,1
2465,./EyesDataset/000850.jpg,1
2466,./EyesDataset/000188.jpg,0
2467,./EyesDataset/003962.jpg,0
2468,./EyesDataset/000811.jpg,1
2469,./EyesDataset/001827.jpg,0
2470,./EyesDataset/003238.jpg,1
2471,./EyesDataset/001011.jpg,1
2472,./EyesDataset/003420.jpg,1
2473,./EyesDataset/000512.jpg,0
2474,./EyesDataset/000159.jpg,1
2475,./EyesDataset/003092.jpg,1
2476,./EyesDataset/002855.jpg,1
2477,./EyesDataset/002602.jpg,0
2478,./EyesDataset/002516.jpg,1
2479,./EyesDataset/003593.jpg,0
2480,./EyesDataset/003893.jpg,0
2481,./EyesDataset/000163.jpg,1
2482,./EyesDataset/003399.jpg,0
2483,./EyesDataset/000697.jpg,0
2484,./EyesDataset/000932.jpg,1
2485,./EyesDataset/002281.jpg,1
2486,./EyesDataset/003468.jpg,0
2487,./EyesDataset/000869.jpg,0
2488,./EyesDataset/000166.jpg,0
2489,./EyesDataset/000687.jpg,1
2490,./EyesDataset/002081.jpg,0
2491,./EyesDataset/001965.jpg,0
2492,./EyesDataset/001571.jpg,0
2493,./EyesDataset/001949.jpg,0
2494,./EyesDataset/003892.jpg,1
2495,./EyesDataset/000143.jpg,1
2496,./EyesDataset/002685.jpg,0
2497,./EyesDataset/000462.jpg,1
2498,./EyesDataset/003813.jpg,0
2499,./EyesDataset/000255.jpg,1
2500,./EyesDataset/000230.jpg,1
2501,./EyesDataset/003346.jpg,0
2502,./EyesDataset/002124.jpg,0
2503,./EyesDataset/002612.jpg,0
2504,./EyesDataset/003128.jpg,0
2505,./EyesDataset/001413.jpg,0
2506,./EyesDataset/002475.jpg,0
2507,./EyesDataset/003002.jpg,0
2508,./EyesDataset/000595.jpg,1
2509,./EyesDataset/001781.jpg,1
2510,./EyesDataset/000328.jpg,1
2511,./EyesDataset/001862.jpg,0
2512,./EyesDataset/003941.jpg,1
2513,./EyesDataset/002247.jpg,0
2514,./EyesDataset/000767.jpg,0
2515,./EyesDataset/001310.jpg,1
2516,./EyesDataset/000501.jpg,1
2517,./EyesDataset/002269.jpg,1
2518,./EyesDataset/002403.jpg,0
2519,./EyesDataset/001251.jpg,0
2520,./EyesDataset/000081.jpg,0
2521,./EyesDataset/003857.jpg,0
2522,./EyesDataset/001292.jpg,1
2523,./EyesDataset/001494.jpg,1
2524,./EyesDataset/003768.jpg,1
2525,./EyesDataset/002906.jpg,0
2526,./EyesDataset/003706.jpg,0
2527,./EyesDataset/003974.jpg,1
2528,./EyesDataset/001373.jpg,0
2529,./EyesDataset/003228.jpg,0
2530,./EyesDataset/003806.jpg,0
2531,./EyesDataset/001643.jpg,1
2532,./EyesDataset/000259.jpg,1
2533,./EyesDataset/001230.jpg,1
2534,./EyesDataset/003043.jpg,0
2535,./EyesDataset/000071.jpg,1
2536,./EyesDataset/003960.jpg,1
2537,./EyesDataset/001049.jpg,1
2538,./EyesDataset/003490.jpg,1
2539,./EyesDataset/001805.jpg,1
2540,./EyesDataset/000423.jpg,1
2541,./EyesDataset/000907.jpg,1
2542,./EyesDataset/002241.jpg,1
2543,./EyesDataset/001075.jpg,1
2544,./EyesDataset/003889.jpg,1
2545,./EyesDataset/003110.jpg,0
2546,./EyesDataset/001711.jpg,0
2547,./EyesDataset/000985.jpg,1
2548,./EyesDataset/002989.jpg,1
2549,./EyesDataset/003770.jpg,1
2550,./EyesDataset/000266.jpg,0
2551,./EyesDataset/001487.jpg,1
2552,./EyesDataset/002258.jpg,1
2553,./EyesDataset/002329.jpg,0
2554,./EyesDataset/003500.jpg,0
2555,./EyesDataset/002335.jpg,0
2556,./EyesDataset/002915.jpg,1
2557,./EyesDataset/000145.jpg,1
2558,./EyesDataset/002467.jpg,1
2559,./EyesDataset/002147.jpg,1
2560,./EyesDataset/003538.jpg,1
2561,./EyesDataset/000154.jpg,1
2562,./EyesDataset/002392.jpg,0
2563,./EyesDataset/003437.jpg,0
2564,./EyesDataset/000853.jpg,1
2565,./EyesDataset/002690.jpg,1
2566,./EyesDataset/003677.jpg,0
2567,./EyesDataset/003827.jpg,1
2568,./EyesDataset/001041.jpg,1
2569,./EyesDataset/003209.jpg,0
2570,./EyesDataset/002166.jpg,0
2571,./EyesDataset/000736.jpg,1
2572,./EyesDataset/000637.jpg,1
2573,./EyesDataset/000260.jpg,0
2574,./EyesDataset/003362.jpg,1
2575,./EyesDataset/001586.jpg,0
2576,./EyesDataset/002094.jpg,1
2577,./EyesDataset/003318.jpg,0
2578,./EyesDataset/003438.jpg,0
2579,./EyesDataset/000270.jpg,0
2580,./EyesDataset/000337.jpg,0
2581,./EyesDataset/003539.jpg,1
2582,./EyesDataset/003771.jpg,1
2583,./EyesDataset/001998.jpg,0
2584,./EyesDataset/003368.jpg,1
2585,./EyesDataset/000456.jpg,1
